	id	state	COUNTY	GEO_TTL	relevant_naics	NAICS2012_TTL	NAICS_Sector	estab	emp_reported	payann_reported	emp_est1	payann_est1	estimate_est1	emp_est3	payann_est3	estimate_est3
0	49001	49	1	Beaver County, Utah	11	Agriculture, forestry, fishing and hunting	11	1.0	0.0	0.0	8.656010230179028	578.6464194373402	1.0	5.0724721378276305	321.91315288234955	1.0
1	49001	49	1	Beaver County, Utah	21	Mining, quarrying, and oil and gas extraction	21	2.4	0.0	0.0	154.53072247845543	13282.256037149366	1.0	75.51382647949164	6018.425624736628	1.0
2	49001	49	1	Beaver County, Utah	22	Utilities	22	4.0	0.0	0.0	24.54301397454324	2349.637803383673	1.0	53.70511542893526	5055.528412512645	1.0
3	49001	49	1	Beaver County, Utah	23	Construction	23	18.6	69.2	2626.6	69.2	2626.6	0.0	95.47058823529413	2853.8235294117653	0.8235294117647058
4	49001	49	1	Beaver County, Utah	42	Wholesale trade	42	1.0	0.0	0.0	71.43605382316817	6286.14918985028	1.0	24.24114187306184	1763.1413338184561	1.0
5	49001	49	1	Beaver County, Utah	52	Finance and insurance	52	8.2	31.6	1313.2	31.6	1313.2	0.0	37.84375	1410.0625	0.8125
6	49001	49	1	Beaver County, Utah	53	Real estate and rental and leasing	53	1.4	0.0	0.0	11.836410256410256	152.13743589743592	1.0	8.246580564985127	297.9230355196055	1.0
7	49001	49	1	Beaver County, Utah	54	Professional, scientific, and technical services	54	5.8	10.8	312.6	10.8	312.6	0.0	14.363636363636365	397.7878787878788	0.8181818181818182
8	49001	49	1	Beaver County, Utah	56	Administrative and support and waste management and remediation services	56	6.0	9.0	377.8	777.4897959183673	27216.432653061227	0.2	140.71057513914656	5029.035250463822	0.8484848484848485
9	49001	49	1	Beaver County, Utah	62	Health care and social assistance	62	19.4	115.2	8182.0	115.2	8182.0	0.0	259.27272727272725	8540.90909090909	0.8181818181818182
10	49001	49	1	Beaver County, Utah	71	Arts, entertainment, and recreation	71	2.0	0.0	0.0	23.772039330248557	488.2327534332934	1.0	20.458942513801247	397.62419152836236	1.0
11	49001	49	1	Beaver County, Utah	72	Accommodation and food services	72	31.0	247.4	3321.4	247.4	3321.4	0.0	264.9705882352941	3718.529411764706	0.8235294117647058
12	49001	49	1	Beaver County, Utah	81	Other services (except public administration)	81	11.4	31.8	983.0	31.8	983.0	0.0	46.39393939393939	1231.6060606060605	0.8181818181818182
13	49003	49	3	Box Elder County, Utah	11	Agriculture, forestry, fishing and hunting	11	2.4	0.8	178.2	10.731000134607617	698.7177547449187	0.6	5.294423102809158	347.5995682201767	0.8846153846153846
14	49003	49	3	Box Elder County, Utah	21	Mining, quarrying, and oil and gas extraction	21	3.2	13.6	1132.4	62.85217391304347	5627.234782608695	0.2	41.03940217391305	3664.4741847826094	0.84375
15	49003	49	3	Box Elder County, Utah	22	Utilities	22	7.6	0.0	0.0	42.46708677261589	4075.941489120288	1.0	122.99944446418448	11576.460037720923	1.0
16	49003	49	3	Box Elder County, Utah	23	Construction	23	167.0	1108.4	45123.4	1108.4	45123.4	0.0	1131.9411764705885	52542.79411764706	0.8235294117647058
17	49003	49	3	Box Elder County, Utah	42	Wholesale trade	42	39.8	485.2	20652.6	485.2	20652.6	0.0	493.46875	23054.25	0.8125
18	49003	49	3	Box Elder County, Utah	51	Information	51	9.6	41.8	1020.6	111.98746803069052	4955.464705882352	0.4	74.02929187979541	2190.9476102941176	0.875
19	49003	49	3	Box Elder County, Utah	52	Finance and insurance	52	63.0	285.4	10495.4	285.4	10495.4	0.0	279.15625	11534.5625	0.8125
20	49003	49	3	Box Elder County, Utah	53	Real estate and rental and leasing	53	50.4	48.4	1341.8	48.4	1341.8	0.0	68.19354838709678	1660.6774193548388	0.8064516129032258
21	49003	49	3	Box Elder County, Utah	54	Professional, scientific, and technical services	54	57.4	223.0	8196.4	223.0	8196.4	0.0	242.51515151515147	8578.727272727272	0.8181818181818182
22	49003	49	3	Box Elder County, Utah	55	Management of companies and enterprises	55	2.4	23.0	1307.0	63.17874686716792	3526.238045112782	0.8	104.63574937343357	5933.247609022556	0.92
23	49003	49	3	Box Elder County, Utah	56	Administrative and support and waste management and remediation services	56	39.4	822.2	17836.4	822.2	17836.4	0.0	714.2727272727273	16321.515151515152	0.8181818181818182
24	49003	49	3	Box Elder County, Utah	61	Educational services	61	12.2	117.0	1861.6	117.0	1861.6	0.0	152.58620689655172	2142.4827586206893	0.7931034482758621
25	49003	49	3	Box Elder County, Utah	62	Health care and social assistance	62	120.4	1472.8	44423.8	1472.8	44423.8	0.0	1580.7272727272727	49527.606060606064	0.8181818181818182
26	49003	49	3	Box Elder County, Utah	71	Arts, entertainment, and recreation	71	16.6	129.6	1408.6	129.6	1408.6	0.0	146.70967741935485	1642.9354838709678	0.8064516129032258
27	49003	49	3	Box Elder County, Utah	72	Accommodation and food services	72	71.0	1300.0	16340.8	1300.0	16340.8	0.0	1462.0588235294117	18796.58823529412	0.8235294117647058
28	49003	49	3	Box Elder County, Utah	81	Other services (except public administration)	81	71.6	288.4	6587.6	288.4	6587.6	0.0	282.1212121212121	6774.606060606061	0.8181818181818182
29	49003	49	3	Box Elder County, Utah	99	Industries not classified	99	2.25	1.75	21.5	-0.6285714285714286	28.664285714285718	0.5	2.1462184873949584	39.62689075630252	0.8235294117647058
30	49005	49	5	Cache County, Utah	11	Agriculture, forestry, fishing and hunting	11	7.8	18.4	662.6	51.65892672858618	2093.8021671826623	0.6	45.47287052472811	1736.9619552274353	0.8846153846153846
31	49005	49	5	Cache County, Utah	21	Mining, quarrying, and oil and gas extraction	21	4.4	3.8	850.6	3.8	850.6	0.0	8.1875	814.65625	0.8125
32	49005	49	5	Cache County, Utah	22	Utilities	22	4.6	0.0	0.0	31.031956382920203	2962.9850285145635	1.0	87.96585901051935	8276.962253595308	1.0
33	49005	49	5	Cache County, Utah	23	Construction	23	449.2	2366.0	98353.2	2366.0	98353.2	0.0	2491.382352941177	102951.23529411764	0.8235294117647058
34	49005	49	5	Cache County, Utah	42	Wholesale trade	42	128.6	1073.8	44797.0	1073.8	44797.0	0.0	1126.28125	51731.78125	0.8125
35	49005	49	5	Cache County, Utah	51	Information	51	46.8	806.8	27757.6	806.8	27757.6	0.0	710.78125	26841.625	0.8125
36	49005	49	5	Cache County, Utah	52	Finance and insurance	52	196.0	1217.4	50026.6	1217.4	50026.6	0.0	1262.625	52898.21875	0.8125
37	49005	49	5	Cache County, Utah	53	Real estate and rental and leasing	53	197.4	625.8	20370.2	625.8	20370.2	0.0	700.6129032258065	25857.70967741936	0.8064516129032258
38	49005	49	5	Cache County, Utah	54	Professional, scientific, and technical services	54	394.2	2931.2	108598.0	2931.2	108598.0	0.0	3298.4242424242425	127270.60606060605	0.8181818181818182
39	49005	49	5	Cache County, Utah	55	Management of companies and enterprises	55	12.6	52.6	3677.2	93.85333333333332	6266.886666666667	0.2	69.17066666666666	3622.1773333333335	0.8
40	49005	49	5	Cache County, Utah	56	Administrative and support and waste management and remediation services	56	159.6	1835.0	34053.4	1835.0	34053.4	0.0	1800.2121212121212	39836.333333333336	0.8181818181818182
41	49005	49	5	Cache County, Utah	61	Educational services	61	37.2	480.0	9966.8	480.0	9966.8	0.0	518.0689655172414	11296.068965517241	0.7931034482758621
42	49005	49	5	Cache County, Utah	62	Health care and social assistance	62	362.0	5315.6	173339.4	5315.6	173339.4	0.0	5273.515151515152	187207.54545454547	0.8181818181818182
43	49005	49	5	Cache County, Utah	71	Arts, entertainment, and recreation	71	59.2	848.8	9498.6	848.8	9498.6	0.0	994.0645161290324	10956.612903225809	0.8064516129032258
44	49005	49	5	Cache County, Utah	72	Accommodation and food services	72	168.4	3276.8	40421.0	3276.8	40421.0	0.0	3625.8235294117653	46153.617647058825	0.8235294117647058
45	49005	49	5	Cache County, Utah	81	Other services (except public administration)	81	201.2	863.8	21325.2	863.8	21325.2	0.0	895.3636363636364	23674.484848484848	0.8181818181818182
46	49005	49	5	Cache County, Utah	99	Industries not classified	99	4.8	4.0	53.2	6.4	65.93333333333332	0.2	3.2222222222222223	56.592592592592595	0.7222222222222222
47	49007	49	7	Carbon County, Utah	11	Agriculture, forestry, fishing and hunting	11	1.2	0.0	0.0	11.560271309133876	553.2667205097141	1.0	6.0444690482825685	346.65551076799744	1.0
48	49007	49	7	Carbon County, Utah	21	Mining, quarrying, and oil and gas extraction	21	12.2	234.4	17404.6	679.1694277441433	53995.96149934193	0.6	488.33897308502236	36694.90023427218	0.90625
49	49007	49	7	Carbon County, Utah	22	Utilities	22	7.6	0.0	0.0	42.46708677261589	4075.941489120288	1.0	122.99944446418448	11576.460037720923	1.0
50	49007	49	7	Carbon County, Utah	23	Construction	23	39.6	372.4	18865.2	372.4	18865.2	0.0	357.55882352941177	15127.44117647059	0.8235294117647058
51	49007	49	7	Carbon County, Utah	42	Wholesale trade	42	36.6	313.0	17238.2	313.0	17238.2	0.0	199.9375	10405.34375	0.8125
52	49007	49	7	Carbon County, Utah	51	Information	51	7.8	82.6	2235.0	82.6	2235.0	0.0	83.78125	2444.25	0.8125
53	49007	49	7	Carbon County, Utah	52	Finance and insurance	52	33.8	138.4	5211.0	762.149090909091	34910.332121212115	0.4	301.33579545454546	13049.333143939391	0.875
54	49007	49	7	Carbon County, Utah	53	Real estate and rental and leasing	53	18.0	54.2	1758.6	54.2	1758.6	0.0	52.354838709677416	1557.645161290323	0.8064516129032258
55	49007	49	7	Carbon County, Utah	54	Professional, scientific, and technical services	54	32.2	87.8	4746.8	87.8	4746.8	0.0	104.0909090909091	4836.909090909091	0.8181818181818182
56	49007	49	7	Carbon County, Utah	55	Management of companies and enterprises	55	2.4	3.2	346.6	31.59508771929825	2043.0280701754386	0.6	83.03664130623585	7393.996505124194	0.92
57	49007	49	7	Carbon County, Utah	56	Administrative and support and waste management and remediation services	56	18.4	350.6	10195.2	350.6	10195.2	0.0	252.51515151515147	7583.393939393939	0.8181818181818182
58	49007	49	7	Carbon County, Utah	61	Educational services	61	2.2	0.0	0.0	174.98180713630654	4127.426713279561	1.0	65.39459263084449	1717.9317148628013	1.0
59	49007	49	7	Carbon County, Utah	62	Health care and social assistance	62	70.4	936.0	33862.4	936.0	33862.4	0.0	1012.3636363636364	38594.90909090909	0.8181818181818182
60	49007	49	7	Carbon County, Utah	71	Arts, entertainment, and recreation	71	5.8	22.6	226.8	61.19598135947293	1067.8939611120038	0.6	60.192900219269816	658.6925743729039	0.9032258064516128
61	49007	49	7	Carbon County, Utah	72	Accommodation and food services	72	38.4	727.4	8357.2	727.4	8357.2	0.0	701.4705882352941	8217.14705882353	0.8235294117647058
62	49007	49	7	Carbon County, Utah	81	Other services (except public administration)	81	49.8	292.6	8805.8	292.6	8805.8	0.0	246.27272727272728	6521.0	0.8181818181818182
63	49007	49	7	Carbon County, Utah	99	Industries not classified	99	2.0	0.0	0.0	-7.800000000000002	23.8	1.0	-7.800000000000002	23.8	1.0
64	49009	49	9	Daggett County, Utah	21	Mining, quarrying, and oil and gas extraction	21	1.0	0.0	0.0	60.879310344827594	5040.551724137931	1.0	60.879310344827594	5040.551724137931	1.0
65	49009	49	9	Daggett County, Utah	23	Construction	23	1.2	0.0	0.0	79.56581196581195	4030.793162393162	1.0	19.0205510084798	954.7199200694504	1.0
66	49009	49	9	Daggett County, Utah	42	Wholesale trade	42	1.0	0.0	0.0	62.0	5331.857142857141	1.0	62.0	5331.857142857141	1.0
67	49009	49	9	Daggett County, Utah	51	Information	51	1.6	0.0	0.0	36.59289503698072	2372.019183889772	1.0	30.955578446019448	2156.3039843248825	1.0
68	49009	49	9	Daggett County, Utah	53	Real estate and rental and leasing	53	1.2	0.0	0.0	12.349743589743593	157.7441025641026	1.0	5.160635195643931	162.13496689131642	1.0
69	49009	49	9	Daggett County, Utah	54	Professional, scientific, and technical services	54	1.0	0.0	0.0	2718.935018889858	78804.29778463327	1.0	419.11942118738153	12346.36111274197	1.0
70	49009	49	9	Daggett County, Utah	56	Administrative and support and waste management and remediation services	56	1.5	0.0	0.0	1487.9020408163267	51797.630612244895	1.0	1487.9020408163267	51797.630612244895	1.0
71	49009	49	9	Daggett County, Utah	71	Arts, entertainment, and recreation	71	3.0	0.2	240.0	16.331290423861848	564.8607849293563	0.6	3.472788778042234	521.3646427305414	0.9032258064516128
72	49009	49	9	Daggett County, Utah	72	Accommodation and food services	72	7.2	32.8	1386.0	65.0	1714.8	0.2	71.82352941176471	1838.6470588235293	0.8529411764705882
73	49009	49	9	Daggett County, Utah	99	Industries not classified	99	1.0	0.0	0.0	1.1666666666666663	25.0	1.0	1.1205673758865249	34.789513677811534	1.0
74	49011	49	11	Davis County, Utah	11	Agriculture, forestry, fishing and hunting	11	3.4	8.2	248.4	29.949157206742353	1130.641124871001	0.6	24.33637638591199	727.892524013654	0.8846153846153846
75	49011	49	11	Davis County, Utah	21	Mining, quarrying, and oil and gas extraction	21	8.8	95.4	5131.8	95.4	5131.8	0.0	95.0625	5369.0625	0.8125
76	49011	49	11	Davis County, Utah	22	Utilities	22	5.0	36.4	3009.6	34.945539659162634	2904.1100673259	0.4	65.36649057174418	5711.173448019672	0.875
77	49011	49	11	Davis County, Utah	23	Construction	23	850.2	6371.0	281863.6	6371.0	281863.6	0.0	7278.529411764705	339082.64705882355	0.8235294117647058
78	49011	49	11	Davis County, Utah	42	Wholesale trade	42	292.8	2685.0	121183.2	2685.0	121183.2	0.0	2658.0	125385.75	0.8125
79	49011	49	11	Davis County, Utah	51	Information	51	98.0	1049.0	38264.8	1049.0	38264.8	0.0	1167.96875	45419.125	0.8125
80	49011	49	11	Davis County, Utah	52	Finance and insurance	52	471.2	2556.6	124319.2	2556.6	124319.2	0.0	3007.5	161011.1875	0.8125
81	49011	49	11	Davis County, Utah	53	Real estate and rental and leasing	53	423.8	1185.4	43943.0	1185.4	43943.0	0.0	1459.3225806451612	54693.58064516129	0.8064516129032258
82	49011	49	11	Davis County, Utah	54	Professional, scientific, and technical services	54	979.8	7903.4	407841.6	7903.4	407841.6	0.0	8731.181818181818	451958.0606060606	0.8181818181818182
83	49011	49	11	Davis County, Utah	55	Management of companies and enterprises	55	38.4	1320.4	109733.8	1320.4	109733.8	0.0	1417.68	126493.16	0.76
84	49011	49	11	Davis County, Utah	56	Administrative and support and waste management and remediation services	56	404.6	4374.8	133128.8	4374.8	133128.8	0.0	3989.7575757575764	130996.72727272726	0.8181818181818182
85	49011	49	11	Davis County, Utah	61	Educational services	61	100.0	1310.8	30733.6	1310.8	30733.6	0.0	1562.551724137931	36475.72413793104	0.7931034482758621
86	49011	49	11	Davis County, Utah	62	Health care and social assistance	62	725.0	9906.6	374694.4	9906.6	374694.4	0.0	10360.878787878788	403714.7878787879	0.8181818181818182
87	49011	49	11	Davis County, Utah	71	Arts, entertainment, and recreation	71	82.2	1192.4	32398.0	1440.337007874016	38367.38582677166	0.2	1518.8930657861315	44603.707391414784	0.8387096774193549
88	49011	49	11	Davis County, Utah	72	Accommodation and food services	72	435.4	8757.6	112402.6	8757.6	112402.6	0.0	9534.117647058825	130862.29411764705	0.8235294117647058
89	49011	49	11	Davis County, Utah	81	Other services (except public administration)	81	434.4	2751.8	66455.4	2751.8	66455.4	0.0	2930.151515151515	75803.66666666669	0.8181818181818182
90	49011	49	11	Davis County, Utah	99	Industries not classified	99	7.5	3.5	160.0	3.5	160.0	0.0	6.1764705882352935	195.94117647058826	0.7058823529411765
91	49013	49	13	Duchesne County, Utah	11	Agriculture, forestry, fishing and hunting	11	3.6	8.0	401.6	12.421052631578947	633.9421052631577	0.2	12.080971659919028	544.335020242915	0.8076923076923077
92	49013	49	13	Duchesne County, Utah	21	Mining, quarrying, and oil and gas extraction	21	100.2	1553.0	110545.2	1553.0	110545.2	0.0	1213.8125	83294.4375	0.8125
93	49013	49	13	Duchesne County, Utah	22	Utilities	22	8.8	0.0	0.0	48.46959129607475	4655.074175844462	1.0	157.18418212625016	14792.547857177527	1.0
94	49013	49	13	Duchesne County, Utah	23	Construction	23	95.8	646.4	33134.0	646.4	33134.0	0.0	449.0294117647058	23479.558823529413	0.8235294117647058
95	49013	49	13	Duchesne County, Utah	42	Wholesale trade	42	23.2	221.8	9888.6	221.8	9888.6	0.0	174.71875	6880.125	0.8125
96	49013	49	13	Duchesne County, Utah	51	Information	51	7.0	89.2	4043.2	178.29388262943252	8932.300476947536	0.6	219.38966916084885	10195.140699523054	0.90625
97	49013	49	13	Duchesne County, Utah	52	Finance and insurance	52	23.6	106.4	3890.8	106.4	3890.8	0.0	95.09375	3532.375	0.8125
98	49013	49	13	Duchesne County, Utah	53	Real estate and rental and leasing	53	30.6	147.2	10926.4	147.2	10926.4	0.0	201.54838709677418	11697.677419354839	0.8064516129032258
99	49013	49	13	Duchesne County, Utah	54	Professional, scientific, and technical services	54	54.8	210.0	8482.2	210.0	8482.2	0.0	223.5757575757576	8236.818181818182	0.8181818181818182
100	49013	49	13	Duchesne County, Utah	55	Management of companies and enterprises	55	1.0	0.0	0.0	29.92142857142857	1524.9714285714285	1.0	46.30968882602546	4107.605863443486	1.0
101	49013	49	13	Duchesne County, Utah	56	Administrative and support and waste management and remediation services	56	27.8	111.4	3971.8	111.4	3971.8	0.0	90.6969696969697	3531.606060606061	0.8181818181818182
102	49013	49	13	Duchesne County, Utah	61	Educational services	61	2.8	1.4	3.6	188.96972686843253	4442.86588985002	0.8	103.03161846786482	2778.6241992585165	0.9655172413793104
103	49013	49	13	Duchesne County, Utah	62	Health care and social assistance	62	49.8	647.6	21226.0	1072.7368644067797	34309.648305084746	0.4	1072.9601309707243	38576.97701592193	0.8787878787878788
104	49013	49	13	Duchesne County, Utah	71	Arts, entertainment, and recreation	71	3.8	8.8	50.4	24.36391836734694	350.64734693877546	0.4	12.316761026991445	119.45924950625412	0.8709677419354839
105	49013	49	13	Duchesne County, Utah	72	Accommodation and food services	72	36.6	435.8	5554.2	435.8	5554.2	0.0	375.4117647058823	4795.764705882353	0.8235294117647058
106	49013	49	13	Duchesne County, Utah	81	Other services (except public administration)	81	43.8	159.6	5140.8	159.6	5140.8	0.0	126.0	4028.606060606061	0.8181818181818182
107	49013	49	13	Duchesne County, Utah	99	Industries not classified	99	2.0	0.0	0.0	1.1428571428571428	33.14285714285714	1.0	1.1428571428571428	33.14285714285714	1.0
108	49015	49	15	Emery County, Utah	11	Agriculture, forestry, fishing and hunting	11	1.0	0.0	0.0	10.0453216374269	401.5767543859649	1.0	10.0453216374269	401.5767543859649	1.0
109	49015	49	15	Emery County, Utah	21	Mining, quarrying, and oil and gas extraction	21	6.8	92.4	6367.2	342.5463321926823	26937.062673335095	0.6	204.55411440510662	13924.697292708608	0.90625
110	49015	49	15	Emery County, Utah	22	Utilities	22	29.4	0.0	0.0	188.203761848238	17997.65214351839	1.0	528.1095327429153	49696.10820476417	1.0
111	49015	49	15	Emery County, Utah	23	Construction	23	14.4	150.6	6523.2	279.85470085470087	12322.837606837606	0.4	186.15510306686772	5415.005530417295	0.8823529411764706
112	49015	49	15	Emery County, Utah	42	Wholesale trade	42	5.6	27.4	1818.2	196.42976406533572	17025.47394347939	0.6	96.08844295116779	6564.882918190417	0.9375
113	49015	49	15	Emery County, Utah	51	Information	51	2.8	0.0	0.0	65.39832981958939	4629.68585055644	1.0	85.93230482378456	6080.4163746757595	1.0
114	49015	49	15	Emery County, Utah	52	Finance and insurance	52	10.2	48.6	1277.2	48.6	1277.2	0.0	36.28125	1234.0	0.8125
115	49015	49	15	Emery County, Utah	54	Professional, scientific, and technical services	54	11.2	95.8	2279.4	95.8	2279.4	0.0	67.96969696969697	1947.3030303030305	0.8181818181818182
116	49015	49	15	Emery County, Utah	55	Management of companies and enterprises	55	1.4	0.0	0.0	38.71699248120301	2107.05664160401	1.0	84.46102225861685	7406.8022194099085	1.0
117	49015	49	15	Emery County, Utah	56	Administrative and support and waste management and remediation services	56	4.0	1.4	63.0	7709.024693877551	273302.6004081633	0.8	1173.9734384662954	41676.757637600494	0.9393939393939394
118	49015	49	15	Emery County, Utah	61	Educational services	61	2.0	0.0	0.0	146.5951687894813	3547.311470426328	1.0	95.72566017839048	2624.2182648751223	1.0
119	49015	49	15	Emery County, Utah	62	Health care and social assistance	62	15.6	152.8	4982.4	152.8	4982.4	0.0	144.4848484848485	5587.030303030303	0.8181818181818182
120	49015	49	15	Emery County, Utah	71	Arts, entertainment, and recreation	71	1.0	0.0	0.0	9.42	209.7	1.0	9.42	209.7	1.0
121	49015	49	15	Emery County, Utah	72	Accommodation and food services	72	21.2	160.4	2370.2	160.4	2370.2	0.0	189.91176470588238	3019.970588235294	0.8235294117647058
122	49015	49	15	Emery County, Utah	81	Other services (except public administration)	81	17.4	108.2	3749.2	108.2	3749.2	0.0	103.78787878787878	4550.0	0.8181818181818182
123	49017	49	17	Garfield County, Utah	11	Agriculture, forestry, fishing and hunting	11	1.75	0.0	0.0	16.859226604448033	883.4139632969893	1.0	10.64586335348588	641.0830083210673	1.0
124	49017	49	17	Garfield County, Utah	21	Mining, quarrying, and oil and gas extraction	21	1.4	0.0	0.0	91.66905689140164	7921.1521490094665	1.0	48.56889086743685	3866.3954359040895	1.0
125	49017	49	17	Garfield County, Utah	22	Utilities	22	4.0	0.0	0.0	31.543761712813808	3001.3514600215863	1.0	88.04582859331522	8282.95700851828	1.0
126	49017	49	17	Garfield County, Utah	23	Construction	23	14.6	41.0	1442.0	41.0	1442.0	0.0	44.411764705882355	1488.0588235294117	0.8235294117647058
127	49017	49	17	Garfield County, Utah	42	Wholesale trade	42	5.6	31.6	494.4	31.6	494.4	0.0	23.5	423.1875	0.8125
128	49017	49	17	Garfield County, Utah	51	Information	51	2.4	0.0	0.0	60.89456953756825	4446.899364069953	1.0	85.22859227971875	6051.855986162245	1.0
129	49017	49	17	Garfield County, Utah	52	Finance and insurance	52	5.0	18.0	493.0	18.0	493.0	0.0	18.84375	633.0625	0.8125
130	49017	49	17	Garfield County, Utah	53	Real estate and rental and leasing	53	3.8	2.8	144.2	5.92	202.72	0.2	5.148387096774194	108.18064516129031	0.8387096774193549
131	49017	49	17	Garfield County, Utah	54	Professional, scientific, and technical services	54	7.6	8.4	175.4	1124.9683231618717	23054.620325039683	0.6	185.72247320634415	3832.5182310666187	0.9090909090909092
132	49017	49	17	Garfield County, Utah	56	Administrative and support and waste management and remediation services	56	4.6	6.8	231.2	6.8	231.2	0.0	21.393939393939394	300.6060606060606	0.8181818181818182
133	49017	49	17	Garfield County, Utah	61	Educational services	61	4.0	65.4	1646.6	141.19641577060932	3435.9935483870972	0.2	93.86145099493264	2258.343715239155	0.8275862068965517
134	49017	49	17	Garfield County, Utah	62	Health care and social assistance	62	7.0	0.0	0.0	171.5983133386725	6177.0188805714015	1.0	160.58205620934868	6775.186293395918	1.0
135	49017	49	17	Garfield County, Utah	71	Arts, entertainment, and recreation	71	3.0	7.6	328.8	20.32955102040816	584.4404081632653	0.4	12.504766293614221	599.1678077682686	0.8709677419354839
136	49017	49	17	Garfield County, Utah	72	Accommodation and food services	72	59.0	649.6	19387.2	649.6	19387.2	0.0	730.1176470588235	22312.61764705882	0.8235294117647058
137	49017	49	17	Garfield County, Utah	81	Other services (except public administration)	81	2.4	2.0	13.8	29.1	1380.3222222222225	0.6	22.130972817019337	822.0014666642568	0.9393939393939394
138	49019	49	19	Grand County, Utah	11	Agriculture, forestry, fishing and hunting	11	1.0	0.0	0.0	9.387430639685316	429.3027633822408	1.0	9.387430639685316	429.3027633822408	1.0
139	49019	49	19	Grand County, Utah	21	Mining, quarrying, and oil and gas extraction	21	10.0	19.0	1240.6	388.63378046854433	31656.20805264543	0.6	92.78652819821005	6755.28250822585	0.90625
140	49019	49	19	Grand County, Utah	22	Utilities	22	1.0	0.0	0.0	6.139841728929928	587.7582743753301	1.0	17.582773435282927	1654.6363989491265	1.0
141	49019	49	19	Grand County, Utah	23	Construction	23	50.4	214.8	8556.0	214.8	8556.0	0.0	249.08823529411762	8661.764705882353	0.8235294117647058
142	49019	49	19	Grand County, Utah	42	Wholesale trade	42	13.6	106.2	3782.6	106.2	3782.6	0.0	121.21875	4634.28125	0.8125
143	49019	49	19	Grand County, Utah	51	Information	51	8.8	30.2	1851.4	30.2	1851.4	0.0	68.84375	2472.0625	0.8125
144	49019	49	19	Grand County, Utah	52	Finance and insurance	52	13.4	67.6	2861.6	67.6	2861.6	0.0	64.5625	3142.0625	0.8125
145	49019	49	19	Grand County, Utah	53	Real estate and rental and leasing	53	33.0	134.8	3486.6	134.8	3486.6	0.0	166.0	4504.290322580645	0.8064516129032258
146	49019	49	19	Grand County, Utah	54	Professional, scientific, and technical services	54	28.4	129.2	5407.4	129.2	5407.4	0.0	133.27272727272728	6014.575757575758	0.8181818181818182
147	49019	49	19	Grand County, Utah	55	Management of companies and enterprises	55	2.0	0.0	0.0	55.38556390977444	2916.098546365915	1.0	87.79473654433113	7568.610600362287	1.0
148	49019	49	19	Grand County, Utah	56	Administrative and support and waste management and remediation services	56	15.8	78.8	2697.4	78.8	2697.4	0.0	102.72727272727272	3120.4545454545455	0.8181818181818182
149	49019	49	19	Grand County, Utah	61	Educational services	61	10.4	36.8	1202.6	36.8	1202.6	0.0	70.89655172413794	1372.5862068965514	0.7931034482758621
150	49019	49	19	Grand County, Utah	62	Health care and social assistance	62	25.8	142.4	6232.8	468.01613295359823	15931.250534870796	0.6	379.76002014448466	15791.03795982891	0.9090909090909092
151	49019	49	19	Grand County, Utah	71	Arts, entertainment, and recreation	71	23.8	132.0	3794.4	132.0	3794.4	0.0	186.5161290322581	4768.645161290323	0.8064516129032258
152	49019	49	19	Grand County, Utah	72	Accommodation and food services	72	90.2	1532.4	29378.4	1532.4	29378.4	0.0	1763.2058823529412	34004.41176470588	0.8235294117647058
153	49019	49	19	Grand County, Utah	81	Other services (except public administration)	81	26.8	52.4	1872.6	52.4	1872.6	0.0	74.96969696969697	2122.3939393939395	0.8181818181818182
154	49019	49	19	Grand County, Utah	99	Industries not classified	99	2.0	0.0	0.0	0.015873015873015817	30.952380952380953	1.0	1.8181357649442755	63.56022036474161	1.0
155	49021	49	21	Iron County, Utah	11	Agriculture, forestry, fishing and hunting	11	2.6	4.0	69.0	12.562401100791195	463.0663054695562	0.6	16.954307903998306	314.3973664364531	0.8846153846153846
156	49021	49	21	Iron County, Utah	21	Mining, quarrying, and oil and gas extraction	21	6.6	108.0	6236.8	108.0	6236.8	0.0	80.15625	4964.59375	0.8125
157	49021	49	21	Iron County, Utah	22	Utilities	22	7.2	16.8	1212.0	61.24384055611775	5434.656374235557	0.8	125.93331224285663	11788.759238520186	0.96875
158	49021	49	21	Iron County, Utah	23	Construction	23	186.8	706.4	24788.4	706.4	24788.4	0.0	853.6176470588235	30937.764705882357	0.8235294117647058
159	49021	49	21	Iron County, Utah	42	Wholesale trade	42	43.0	263.4	13407.8	263.4	13407.8	0.0	339.84375	15009.40625	0.8125
160	49021	49	21	Iron County, Utah	51	Information	51	18.0	148.6	6883.2	148.6	6883.2	0.0	163.28125	7871.90625	0.8125
161	49021	49	21	Iron County, Utah	52	Finance and insurance	52	71.8	433.4	18438.8	433.4	18438.8	0.0	467.65625	21533.0	0.8125
162	49021	49	21	Iron County, Utah	53	Real estate and rental and leasing	53	81.8	159.6	4519.6	159.6	4519.6	0.0	163.29032258064515	4903.225806451614	0.8064516129032258
163	49021	49	21	Iron County, Utah	54	Professional, scientific, and technical services	54	116.8	407.8	14707.8	407.8	14707.8	0.0	419.8484848484849	16879.242424242424	0.8181818181818182
164	49021	49	21	Iron County, Utah	55	Management of companies and enterprises	55	4.8	0.0	0.0	135.20200501253132	7173.5711278195495	1.0	257.19327228963505	22390.88689883123	1.0
165	49021	49	21	Iron County, Utah	56	Administrative and support and waste management and remediation services	56	62.0	634.8	13145.8	634.8	13145.8	0.0	702.8484848484848	14306.696969696968	0.8181818181818182
166	49021	49	21	Iron County, Utah	61	Educational services	61	14.6	203.0	3783.6	203.0	3783.6	0.0	246.86206896551724	4569.310344827586	0.7931034482758621
167	49021	49	21	Iron County, Utah	62	Health care and social assistance	62	146.0	1817.2	52045.4	1817.2	52045.4	0.0	2046.969696969697	61911.24242424241	0.8181818181818182
168	49021	49	21	Iron County, Utah	71	Arts, entertainment, and recreation	71	14.2	138.4	1607.6	138.4	1607.6	0.0	76.83870967741936	1225.483870967742	0.8064516129032258
169	49021	49	21	Iron County, Utah	72	Accommodation and food services	72	99.8	1838.4	22960.0	1838.4	22960.0	0.0	1932.735294117647	25447.176470588238	0.8235294117647058
170	49021	49	21	Iron County, Utah	81	Other services (except public administration)	81	80.6	318.4	6489.8	318.4	6489.8	0.0	292.6060606060606	6738.575757575758	0.8181818181818182
171	49021	49	21	Iron County, Utah	99	Industries not classified	99	1.5	0.0	1.5	0.6678571428571427	16.576190476190472	0.75	0.6678571428571427	16.576190476190472	0.75
172	49023	49	23	Juab County, Utah	11	Agriculture, forestry, fishing and hunting	11	1.0	0.0	0.0	8.329497016197784	515.7544757033248	1.0	5.180972073261286	324.74887935538896	1.0
173	49023	49	23	Juab County, Utah	21	Mining, quarrying, and oil and gas extraction	21	2.8	3.8	222.2	79.36078260869564	6771.94252173913	0.6	29.52292264668637	2372.4737253324192	0.9375
174	49023	49	23	Juab County, Utah	22	Utilities	22	1.2	0.0	0.0	5.930563378414464	572.2799238598661	1.0	17.55007369301488	1652.217906681085	1.0
175	49023	49	23	Juab County, Utah	23	Construction	23	32.4	101.0	4896.0	101.0	4896.0	0.0	187.14705882352942	7416.441176470588	0.8235294117647058
176	49023	49	23	Juab County, Utah	42	Wholesale trade	42	7.2	55.2	2223.4	55.2	2223.4	0.0	51.65625	1983.4375	0.8125
177	49023	49	23	Juab County, Utah	51	Information	51	2.0	0.0	0.0	47.73039503698072	3347.152517223106	1.0	57.93375141751065	4094.3445545003224	1.0
178	49023	49	23	Juab County, Utah	52	Finance and insurance	52	10.0	13.6	1382.4	13.6	1382.4	0.0	27.4375	1372.78125	0.8125
179	49023	49	23	Juab County, Utah	53	Real estate and rental and leasing	53	2.8	4.8	66.8	30.786153846153844	347.0615384615385	0.8	25.094540942928038	336.106699751861	0.935483870967742
180	49023	49	23	Juab County, Utah	54	Professional, scientific, and technical services	54	17.6	236.0	11554.4	1091.9870967741936	27785.638709677416	0.2	391.9980449657869	15577.096774193547	0.8484848484848485
181	49023	49	23	Juab County, Utah	56	Administrative and support and waste management and remediation services	56	7.8	13.0	1111.2	5100.704030612244	177773.55295918367	0.6	796.5915197897342	29356.962569573287	0.9090909090909092
182	49023	49	23	Juab County, Utah	61	Educational services	61	1.0	0.0	0.0	73.29758439474065	1773.655735213164	1.0	47.86283008919524	1312.1091324375611	1.0
183	49023	49	23	Juab County, Utah	62	Health care and social assistance	62	22.0	192.6	5519.0	468.2118991386496	13733.503042511811	0.6	477.3654392634317	13890.894400380575	0.9090909090909092
184	49023	49	23	Juab County, Utah	72	Accommodation and food services	72	25.2	259.8	3149.8	259.8	3149.8	0.0	323.9411764705883	3847.6764705882347	0.8235294117647058
185	49023	49	23	Juab County, Utah	81	Other services (except public administration)	81	7.2	18.2	382.0	84.85	2560.9	0.4	28.97727272727273	765.5909090909091	0.8787878787878788
186	49025	49	25	Kane County, Utah	11	Agriculture, forestry, fishing and hunting	11	1.0	0.0	0.0	9.01582686468943	470.0833871763808	1.0	5.55515280896633	330.65871589620264	1.0
187	49025	49	25	Kane County, Utah	21	Mining, quarrying, and oil and gas extraction	21	2.0	0.0	0.0	125.72333117410759	10722.2077762798	1.0	53.88987122410966	4304.06037766508	1.0
188	49025	49	25	Kane County, Utah	22	Utilities	22	1.0	0.0	0.0	6.139841728929928	587.7582743753301	1.0	17.582773435282927	1654.6363989491265	1.0
189	49025	49	25	Kane County, Utah	23	Construction	23	28.4	83.4	2438.0	83.4	2438.0	0.0	98.41176470588236	2764.6764705882347	0.8235294117647058
190	49025	49	25	Kane County, Utah	42	Wholesale trade	42	4.4	1.8	33.4	184.78122605363984	14033.688396278052	0.6	32.24706657088123	2260.2638119184453	0.90625
191	49025	49	25	Kane County, Utah	51	Information	51	3.4	5.4	388.6	16.075	1285.8	0.2	10.94921875	464.15625	0.84375
192	49025	49	25	Kane County, Utah	52	Finance and insurance	52	15.0	72.4	4068.0	72.4	4068.0	0.0	92.3125	3389.625	0.8125
193	49025	49	25	Kane County, Utah	53	Real estate and rental and leasing	53	17.0	21.2	886.4	21.2	886.4	0.0	26.903225806451612	954.8387096774194	0.8064516129032258
194	49025	49	25	Kane County, Utah	54	Professional, scientific, and technical services	54	13.6	16.8	792.2	16.8	792.2	0.0	30.54545454545455	1201.8484848484848	0.8181818181818182
195	49025	49	25	Kane County, Utah	56	Administrative and support and waste management and remediation services	56	7.4	6.8	146.2	4806.739132653062	166824.95377551022	0.6	743.5665352504639	25606.568753865187	0.9090909090909092
196	49025	49	25	Kane County, Utah	61	Educational services	61	1.0	0.0	0.0	73.29758439474065	1773.655735213164	1.0	47.86283008919524	1312.1091324375611	1.0
197	49025	49	25	Kane County, Utah	62	Health care and social assistance	62	12.4	225.8	7581.4	225.8	7581.4	0.0	218.33333333333331	8147.848484848485	0.8181818181818182
198	49025	49	25	Kane County, Utah	71	Arts, entertainment, and recreation	71	9.6	51.4	1917.2	51.4	1917.2	0.0	71.19354838709677	1988.3225806451608	0.8064516129032258
199	49025	49	25	Kane County, Utah	72	Accommodation and food services	72	57.0	687.4	17803.8	687.4	17803.8	0.0	833.7647058823529	21924.529411764706	0.8235294117647058
200	49025	49	25	Kane County, Utah	81	Other services (except public administration)	81	18.6	245.4	9838.2	550.3678571428571	19205.51865079365	0.6	624.7224025974026	24409.68464405965	0.9090909090909092
201	49025	49	25	Kane County, Utah	99	Industries not classified	99	1.5	0.0	0.0	1.1547619047619049	29.07142857142857	1.0	1.1220533603512328	34.679736575481236	1.0
202	49027	49	27	Millard County, Utah	11	Agriculture, forestry, fishing and hunting	11	2.6	4.8	185.8	12.959477124183008	508.1549019607843	0.4	8.953745600804424	343.26055806938166	0.8461538461538461
203	49027	49	27	Millard County, Utah	21	Mining, quarrying, and oil and gas extraction	21	5.2	101.6	6674.4	101.6	6674.4	0.0	105.3125	6913.6875	0.8125
204	49027	49	27	Millard County, Utah	22	Utilities	22	4.0	0.0	0.0	24.55936691571971	2351.0330975013203	1.0	70.33109374113171	6618.545595796505	1.0
205	49027	49	27	Millard County, Utah	23	Construction	23	23.8	58.2	1414.8	58.2	1414.8	0.0	82.76470588235293	2243.1764705882347	0.8235294117647058
206	49027	49	27	Millard County, Utah	42	Wholesale trade	42	12.8	40.8	2308.6	40.8	2308.6	0.0	65.4375	3120.625	0.8125
207	49027	49	27	Millard County, Utah	51	Information	51	6.0	12.8	332.2	89.16618511094215	4522.857551669315	0.6	35.02596642358471	1192.6964924483307	0.90625
208	49027	49	27	Millard County, Utah	52	Finance and insurance	52	14.6	53.0	2120.6	53.0	2120.6	0.0	63.96875	2164.8125	0.8125
209	49027	49	27	Millard County, Utah	53	Real estate and rental and leasing	53	3.2	0.8	33.4	15.109230769230768	222.0523076923077	0.6	11.943195909512427	445.89199744814283	0.935483870967742
210	49027	49	27	Millard County, Utah	54	Professional, scientific, and technical services	54	11.2	73.8	3976.0	73.8	3976.0	0.0	93.48484848484848	4623.393939393939	0.8181818181818182
211	49027	49	27	Millard County, Utah	55	Management of companies and enterprises	55	1.0	0.0	0.0	27.69278195488722	1458.0492731829574	1.0	43.897368272165565	3784.3053001811436	1.0
212	49027	49	27	Millard County, Utah	56	Administrative and support and waste management and remediation services	56	10.0	56.0	1148.4	5425.033214285714	187157.16642857145	0.4	915.3080627705627	30130.47976190476	0.8787878787878788
213	49027	49	27	Millard County, Utah	61	Educational services	61	2.0	0.0	0.0	184.66903914590748	4136.704626334519	1.0	184.66903914590748	4136.704626334519	1.0
214	49027	49	27	Millard County, Utah	62	Health care and social assistance	62	19.4	240.6	8459.2	240.6	8459.2	0.0	239.24242424242425	8741.575757575758	0.8181818181818182
215	49027	49	27	Millard County, Utah	71	Arts, entertainment, and recreation	71	1.6	0.0	0.0	18.734365193361818	378.33850752172464	1.0	19.646414427206608	379.89931315552866	1.0
216	49027	49	27	Millard County, Utah	72	Accommodation and food services	72	28.8	357.4	4235.0	357.4	4235.0	0.0	372.4117647058823	4592.382352941177	0.8235294117647058
217	49027	49	27	Millard County, Utah	81	Other services (except public administration)	81	16.4	54.2	1180.2	54.2	1180.2	0.0	57.42424242424242	1292.030303030303	0.8181818181818182
218	49029	49	29	Morgan County, Utah	11	Agriculture, forestry, fishing and hunting	11	2.0	0.0	0.0	18.03165372937886	940.1667743527616	1.0	11.11030561793266	661.3174317924053	1.0
219	49029	49	29	Morgan County, Utah	21	Mining, quarrying, and oil and gas extraction	21	2.2	0.0	0.0	135.83533117410758	11552.6797762798	1.0	55.46987122410965	4433.82162766508	1.0
220	49029	49	29	Morgan County, Utah	22	Utilities	22	2.2	1.2	37.0	6.844389340212794	587.7871369859542	0.8	34.31628216468349	3217.440077310017	0.96875
221	49029	49	29	Morgan County, Utah	23	Construction	23	65.6	346.8	18211.4	346.8	18211.4	0.0	359.7647058823529	23335.529411764703	0.8235294117647058
222	49029	49	29	Morgan County, Utah	42	Wholesale trade	42	8.4	0.0	0.0	576.0756274175512	50905.14777434705	1.0	246.96291834229459	17325.09561459397	1.0
223	49029	49	29	Morgan County, Utah	51	Information	51	2.0	0.0	0.0	47.73039503698072	3347.152517223106	1.0	57.93375141751065	4094.3445545003224	1.0
224	49029	49	29	Morgan County, Utah	52	Finance and insurance	52	13.8	22.2	1476.0	241.70866310160423	11932.446844919785	0.4	85.01697860962567	3637.163569518717	0.875
225	49029	49	29	Morgan County, Utah	53	Real estate and rental and leasing	53	8.8	24.4	744.2	24.4	744.2	0.0	19.870967741935484	795.1935483870967	0.8064516129032258
226	49029	49	29	Morgan County, Utah	54	Professional, scientific, and technical services	54	30.2	78.6	3687.6	78.6	3687.6	0.0	100.15151515151516	4349.757575757576	0.8181818181818182
227	49029	49	29	Morgan County, Utah	55	Management of companies and enterprises	55	1.0	0.0	0.0	29.700000000000006	1731.3000000000004	1.0	47.079537953795366	4240.413625648278	1.0
228	49029	49	29	Morgan County, Utah	56	Administrative and support and waste management and remediation services	56	12.0	60.8	1432.2	60.8	1432.2	0.0	31.272727272727273	1069.7272727272727	0.8181818181818182
229	49029	49	29	Morgan County, Utah	61	Educational services	61	2.2	1.2	50.4	130.13549930712506	3079.110788012656	0.8	27.4026722943319	739.4328944849408	0.9310344827586208
230	49029	49	29	Morgan County, Utah	62	Health care and social assistance	62	26.2	164.0	4301.4	164.0	4301.4	0.0	208.12121212121207	5807.969696969697	0.8181818181818182
231	49029	49	29	Morgan County, Utah	71	Arts, entertainment, and recreation	71	5.6	1.2	95.4	40.53601028442873	967.8378145588944	0.6	9.054195207165924	391.78029267078944	0.9032258064516128
232	49029	49	29	Morgan County, Utah	72	Accommodation and food services	72	9.6	107.6	1934.8	107.6	1934.8	0.0	140.35294117647058	2217.294117647059	0.8235294117647058
233	49029	49	29	Morgan County, Utah	81	Other services (except public administration)	81	12.2	30.6	1158.2	30.6	1158.2	0.0	51.30303030303031	1225.060606060606	0.8181818181818182
234	49031	49	31	Piute County, Utah	11	Agriculture, forestry, fishing and hunting	11	1.0	0.0	0.0	7.529411764705883	633.2058823529413	1.0	4.858375021562879	312.72343453510456	1.0
235	49031	49	31	Piute County, Utah	23	Construction	23	1.8	0.0	0.0	106.73162393162391	5606.786324786324	1.0	23.01552335639334	1186.4836204213843	1.0
236	49031	49	31	Piute County, Utah	42	Wholesale trade	42	1.0	0.0	0.0	65.12707535121328	5022.219941616493	1.0	65.12707535121328	5022.219941616493	1.0
237	49031	49	31	Piute County, Utah	52	Finance and insurance	52	1.6	0.0	0.0	721.2635650623886	47616.781746880566	1.0	123.2761604271653	8163.148462791579	1.0
238	49031	49	31	Piute County, Utah	56	Administrative and support and waste management and remediation services	56	1.3333333333333333	0.0	0.0	11224.794642857143	416469.85119047615	1.0	1141.235430253515	42286.10003333225	1.0
239	49031	49	31	Piute County, Utah	62	Health care and social assistance	62	1.0	0.0	0.0	24.111457880456985	855.4667372472746	1.0	18.606841390019234	778.4244325095477	1.0
240	49031	49	31	Piute County, Utah	72	Accommodation and food services	72	5.2	1.6	112.0	64.0	224.2	0.4	9.411764705882351	195.88235294117646	0.8823529411764706
241	49031	49	31	Piute County, Utah	81	Other services (except public administration)	81	1.6	0.0	0.0	36.01696428571429	1656.346329365079	1.0	23.178997708794235	863.823301079841	1.0
242	49033	49	33	Rich County, Utah	21	Mining, quarrying, and oil and gas extraction	21	1.0	0.0	0.0	62.86166558705379	5361.1038881399	1.0	26.94493561205483	2152.03018883254	1.0
243	49033	49	33	Rich County, Utah	22	Utilities	22	1.0	0.0	0.0	6.139841728929928	587.7582743753301	1.0	17.582773435282927	1654.6363989491265	1.0
244	49033	49	33	Rich County, Utah	23	Construction	23	9.8	19.4	746.0	107.04786324786323	4675.982905982905	0.4	50.71292106586225	1862.9974861739565	0.8823529411764706
245	49033	49	33	Rich County, Utah	42	Wholesale trade	42	2.0	1.8	58.6	102.64089167537443	8737.791560929492	0.8	23.631389324277254	1612.4986813952332	0.9375
246	49033	49	33	Rich County, Utah	51	Information	51	1.0	0.0	0.0	23.86519751849036	1673.576258611553	1.0	28.966875708755325	2047.1722772501612	1.0
247	49033	49	33	Rich County, Utah	52	Finance and insurance	52	1.8	0.0	0.0	920.9302317290552	62573.115080213895	1.0	154.47407709383234	10500.07554612491	1.0
248	49033	49	33	Rich County, Utah	53	Real estate and rental and leasing	53	11.2	15.0	1523.6	15.0	1523.6	0.0	35.12903225806452	1765.483870967742	0.8064516129032258
249	49033	49	33	Rich County, Utah	54	Professional, scientific, and technical services	54	7.6	8.8	566.0	302.0	6840.184615384615	0.2	64.42424242424242	1656.6340326340326	0.8484848484848485
250	49033	49	33	Rich County, Utah	56	Administrative and support and waste management and remediation services	56	6.4	16.0	690.2	16.0	690.2	0.0	23.63636363636364	822.3939393939394	0.8181818181818182
251	49033	49	33	Rich County, Utah	61	Educational services	61	2.0	0.0	0.0	119.32815349305163	3073.884974533107	1.0	88.92788006315088	2503.238046401712	1.0
252	49033	49	33	Rich County, Utah	62	Health care and social assistance	62	2.0	0.0	0.0	48.22291576091397	1710.9334744945493	1.0	37.21368278003847	1556.8488650190955	1.0
253	49033	49	33	Rich County, Utah	71	Arts, entertainment, and recreation	71	2.6	0.0	0.0	29.19269416597651	538.9658230633258	1.0	54.58272692450547	1043.5608911598358	1.0
254	49033	49	33	Rich County, Utah	72	Accommodation and food services	72	15.4	44.6	2487.8	44.6	2487.8	0.0	76.5	2889.7058823529414	0.8235294117647058
255	49033	49	33	Rich County, Utah	81	Other services (except public administration)	81	4.8	28.6	592.8	41.29375	1043.19375	0.2	39.34753787878788	1007.3929924242424	0.8484848484848485
256	49033	49	33	Rich County, Utah	99	Industries not classified	99	1.0	0.0	0.0	1.1666666666666663	25.0	1.0	1.1205673758865249	34.789513677811534	1.0
257	49035	49	35	Salt Lake County, Utah	11	Agriculture, forestry, fishing and hunting	11	14.0	62.2	6537.6	83.28235294117647	8310.576470588236	0.2	69.51459640928331	4961.800686031234	0.8461538461538461
258	49035	49	35	Salt Lake County, Utah	21	Mining, quarrying, and oil and gas extraction	21	53.0	1408.8	121773.0	2702.0922611213477	228230.15293498288	0.4	2313.8894158002104	207499.9301460911	0.875
259	49035	49	35	Salt Lake County, Utah	22	Utilities	22	69.0	877.6	81772.4	842.3230926623361	79127.06848774488	0.6	1967.61298322849	187393.6357012101	0.90625
260	49035	49	35	Salt Lake County, Utah	23	Construction	23	3005.6	30199.6	1605549.2	30199.6	1605549.2	0.0	32651.29411764706	1805524.5	0.8235294117647058
261	49035	49	35	Salt Lake County, Utah	42	Wholesale trade	42	1955.2	34940.2	2176117.2	34940.2	2176117.2	0.0	35564.40625	2252054.53125	0.8125
262	49035	49	35	Salt Lake County, Utah	51	Information	51	658.6	24121.4	1501064.4	24121.4	1501064.4	0.0	25840.625	1749006.75	0.8125
263	49035	49	35	Salt Lake County, Utah	52	Finance and insurance	52	2358.4	39956.8	2739444.6	39956.8	2739444.6	0.0	42120.34375	3038235.375	0.8125
264	49035	49	35	Salt Lake County, Utah	53	Real estate and rental and leasing	53	2089.4	10526.8	468213.6	10526.8	468213.6	0.0	10275.354838709678	503500.9677419354	0.8064516129032258
265	49035	49	35	Salt Lake County, Utah	54	Professional, scientific, and technical services	54	4370.2	43380.2	2632214.0	43380.2	2632214.0	0.0	46667.90909090909	2872709.3939393936	0.8181818181818182
266	49035	49	35	Salt Lake County, Utah	55	Management of companies and enterprises	55	284.8	17130.0	1504305.4	17130.0	1504305.4	0.0	17532.4	1648950.68	0.76
267	49035	49	35	Salt Lake County, Utah	56	Administrative and support and waste management and remediation services	56	1778.4	44495.4	1499217.6	44495.4	1499217.6	0.0	45945.969696969696	1664466.3030303032	0.8181818181818182
268	49035	49	35	Salt Lake County, Utah	61	Educational services	61	448.8	13981.8	480222.0	13981.8	480222.0	0.0	15541.965517241379	553618.9655172414	0.7931034482758621
269	49035	49	35	Salt Lake County, Utah	62	Health care and social assistance	62	3006.2	61227.8	2838471.0	61227.8	2838471.0	0.0	63036.939393939385	3040727.727272727	0.8181818181818182
270	49035	49	35	Salt Lake County, Utah	71	Arts, entertainment, and recreation	71	371.4	7934.8	180719.4	7934.8	180719.4	0.0	8862.58064516129	177350.80645161288	0.8064516129032258
271	49035	49	35	Salt Lake County, Utah	72	Accommodation and food services	72	2200.2	45260.2	738067.2	45260.2	738067.2	0.0	48354.5	830896.0294117647	0.8235294117647058
272	49035	49	35	Salt Lake County, Utah	81	Other services (except public administration)	81	2136.8	33167.2	1223698.8	33167.2	1223698.8	0.0	36152.84848484849	1334666.3636363635	0.8181818181818182
273	49035	49	35	Salt Lake County, Utah	99	Industries not classified	99	29.0	16.0	638.2	16.0	638.2	0.0	31.16666666666667	740.6111111111112	0.6666666666666666
274	49037	49	37	San Juan County, Utah	11	Agriculture, forestry, fishing and hunting	11	2.0	0.0	0.0	18.03165372937886	940.1667743527616	1.0	11.11030561793266	661.3174317924053	1.0
275	49037	49	37	San Juan County, Utah	21	Mining, quarrying, and oil and gas extraction	21	10.2	127.8	7348.0	127.8	7348.0	0.0	149.90625	9019.46875	0.8125
276	49037	49	37	San Juan County, Utah	22	Utilities	22	1.0	0.0	0.0	6.139841728929928	587.7582743753301	1.0	17.582773435282927	1654.6363989491265	1.0
277	49037	49	37	San Juan County, Utah	23	Construction	23	27.0	183.8	6028.6	183.8	6028.6	0.0	156.67647058823533	5529.117647058823	0.8235294117647058
278	49037	49	37	San Juan County, Utah	42	Wholesale trade	42	5.4	9.6	501.4	58.92413793103449	4682.696551724138	0.2	22.70689655172414	1253.1088362068965	0.84375
279	49037	49	37	San Juan County, Utah	51	Information	51	1.8	0.0	0.0	43.559806801686605	3080.7231054583995	1.0	57.28209700574597	4052.714958912087	1.0
280	49037	49	37	San Juan County, Utah	52	Finance and insurance	52	12.4	68.0	2152.4	68.0	2152.4	0.0	99.21875	2609.375	0.8125
281	49037	49	37	San Juan County, Utah	53	Real estate and rental and leasing	53	3.6	6.6	139.6	42.452307692307684	500.40307692307704	0.6	17.750372208436726	376.77468982630273	0.9032258064516128
282	49037	49	37	San Juan County, Utah	54	Professional, scientific, and technical services	54	14.6	18.8	588.4	18.8	588.4	0.0	21.51515151515152	512.5454545454545	0.8181818181818182
283	49037	49	37	San Juan County, Utah	55	Management of companies and enterprises	55	1.0	0.0	0.0	27.69278195488722	1458.0492731829574	1.0	43.897368272165565	3784.3053001811436	1.0
284	49037	49	37	San Juan County, Utah	56	Administrative and support and waste management and remediation services	56	10.2	24.6	1264.2	1407.8816326530616	49573.73877551022	0.2	231.1335807050093	8089.839208410636	0.8484848484848485
285	49037	49	37	San Juan County, Utah	61	Educational services	61	2.6	0.0	0.0	203.04341107895885	4846.150100376335	1.0	105.45811574554179	2848.1559596940883	1.0
286	49037	49	37	San Juan County, Utah	62	Health care and social assistance	62	31.8	633.8	25332.6	633.8	25332.6	0.0	655.1818181818181	29521.06060606061	0.8181818181818182
287	49037	49	37	San Juan County, Utah	71	Arts, entertainment, and recreation	71	3.2	0.6	32.2	25.251157858015	482.41117739403455	0.8	37.322252640105354	715.5622008837323	0.967741935483871
288	49037	49	37	San Juan County, Utah	72	Accommodation and food services	72	52.0	692.6	14328.0	692.6	14328.0	0.0	787.6176470588235	18528.73529411765	0.8235294117647058
289	49037	49	37	San Juan County, Utah	81	Other services (except public administration)	81	16.2	21.4	1366.0	21.4	1366.0	0.0	50.75757575757576	1323.5757575757575	0.8181818181818182
290	49037	49	37	San Juan County, Utah	99	Industries not classified	99	1.0	0.0	0.0	-1.7142857142857142	4.857142857142857	1.0	-1.7142857142857142	4.857142857142857	1.0
291	49039	49	39	Sanpete County, Utah	21	Mining, quarrying, and oil and gas extraction	21	4.0	3.4	214.0	86.99323506185837	7088.224164253751	0.4	20.34269297841537	1434.0662756646484	0.875
292	49039	49	39	Sanpete County, Utah	22	Utilities	22	2.2	1.0	51.4	6.611683457859853	599.3965487506601	0.8	5.251825540290602	310.49946074229064	0.9375
293	49039	49	39	Sanpete County, Utah	23	Construction	23	57.8	323.6	11115.6	323.6	11115.6	0.0	358.9117647058823	12486.617647058823	0.8235294117647058
294	49039	49	39	Sanpete County, Utah	42	Wholesale trade	42	9.6	44.0	1766.2	44.0	1766.2	0.0	65.9375	1652.96875	0.8125
295	49039	49	39	Sanpete County, Utah	51	Information	51	11.0	161.8	7534.2	161.8	7534.2	0.0	170.40625	8434.3125	0.8125
296	49039	49	39	Sanpete County, Utah	52	Finance and insurance	52	33.8	137.0	4645.6	137.0	4645.6	0.0	126.03125	4546.375	0.8125
297	49039	49	39	Sanpete County, Utah	53	Real estate and rental and leasing	53	13.8	31.4	617.2	31.4	617.2	0.0	33.58064516129032	682.4516129032259	0.8064516129032258
298	49039	49	39	Sanpete County, Utah	54	Professional, scientific, and technical services	54	23.0	252.4	7355.8	2453.6180180180177	54553.23007623009	0.4	879.1542451542451	23361.88334488335	0.8787878787878788
299	49039	49	39	Sanpete County, Utah	55	Management of companies and enterprises	55	1.0	0.0	0.0	27.69278195488722	1458.0492731829574	1.0	43.897368272165565	3784.3053001811436	1.0
300	49039	49	39	Sanpete County, Utah	56	Administrative and support and waste management and remediation services	56	12.6	67.4	2136.8	1758.0775510204082	61181.791836734694	0.2	374.1329622758194	12115.786641929499	0.8484848484848485
301	49039	49	39	Sanpete County, Utah	61	Educational services	61	2.2	0.0	0.0	154.33201089474449	3750.753575689487	1.0	97.05959847240138	2659.2944899204936	1.0
302	49039	49	39	Sanpete County, Utah	62	Health care and social assistance	62	51.2	879.8	23575.2	879.8	23575.2	0.0	884.2121212121212	25587.636363636364	0.8181818181818182
303	49039	49	39	Sanpete County, Utah	71	Arts, entertainment, and recreation	71	4.4	5.2	146.2	5.2	146.2	0.0	7.548387096774193	140.16129032258064	0.8064516129032258
304	49039	49	39	Sanpete County, Utah	72	Accommodation and food services	72	37.8	423.4	3468.0	423.4	3468.0	0.0	425.6176470588235	3739.2352941176473	0.8235294117647058
305	49039	49	39	Sanpete County, Utah	81	Other services (except public administration)	81	27.2	126.8	3962.6	126.8	3962.6	0.0	113.3939393939394	3960.39393939394	0.8181818181818182
306	49041	49	41	Sevier County, Utah	11	Agriculture, forestry, fishing and hunting	11	1.0	0.0	0.0	7.6764705882352935	389.9705882352941	1.0	7.6764705882352935	389.9705882352941	1.0
307	49041	49	41	Sevier County, Utah	21	Mining, quarrying, and oil and gas extraction	21	6.2	252.0	16056.4	444.14978362727027	31854.623418794417	0.6	608.554653691761	38221.87865918663	0.90625
308	49041	49	41	Sevier County, Utah	22	Utilities	22	1.2	0.0	0.0	5.930563378414464	572.2799238598661	1.0	17.55007369301488	1652.217906681085	1.0
309	49041	49	41	Sevier County, Utah	23	Construction	23	62.2	287.6	8469.4	287.6	8469.4	0.0	290.5	9680.235294117647	0.8235294117647058
310	49041	49	41	Sevier County, Utah	42	Wholesale trade	42	16.8	213.6	6855.8	213.6	6855.8	0.0	210.5625	6923.46875	0.8125
311	49041	49	41	Sevier County, Utah	51	Information	51	6.4	28.4	1428.2	28.4	1428.2	0.0	37.34375	1213.71875	0.8125
312	49041	49	41	Sevier County, Utah	52	Finance and insurance	52	32.4	136.0	5857.4	136.0	5857.4	0.0	137.6875	6401.28125	0.8125
313	49041	49	41	Sevier County, Utah	53	Real estate and rental and leasing	53	14.6	79.0	3062.6	79.0	3062.6	0.0	70.61290322580646	2763.5161290322585	0.8064516129032258
314	49041	49	41	Sevier County, Utah	54	Professional, scientific, and technical services	54	35.0	123.0	5027.0	123.0	5027.0	0.0	140.8181818181818	5552.212121212122	0.8181818181818182
315	49041	49	41	Sevier County, Utah	56	Administrative and support and waste management and remediation services	56	22.2	80.0	3760.0	80.0	3760.0	0.0	137.6969696969697	4853.69696969697	0.8181818181818182
316	49041	49	41	Sevier County, Utah	61	Educational services	61	4.0	0.0	0.0	303.11007201119713	7261.067721072436	1.0	157.93630385844358	4270.827486180432	1.0
317	49041	49	41	Sevier County, Utah	62	Health care and social assistance	62	61.2	807.2	26224.6	807.2	26224.6	0.0	868.969696969697	30475.0	0.8181818181818182
318	49041	49	41	Sevier County, Utah	71	Arts, entertainment, and recreation	71	4.6	7.2	97.0	36.569585087578346	736.3231688896029	0.6	24.349933078641673	391.3424465950973	0.9032258064516128
319	49041	49	41	Sevier County, Utah	72	Accommodation and food services	72	54.0	860.0	9866.6	860.0	9866.6	0.0	916.2941176470587	11131.85294117647	0.8235294117647058
320	49041	49	41	Sevier County, Utah	81	Other services (except public administration)	81	31.6	139.4	5130.6	139.4	5130.6	0.0	148.3939393939394	6113.484848484847	0.8181818181818182
321	49043	49	43	Summit County, Utah	11	Agriculture, forestry, fishing and hunting	11	2.4	0.0	0.0	21.494057821450472	1171.6253421276974	1.0	15.597492509087866	946.0867593421747	1.0
322	49043	49	43	Summit County, Utah	21	Mining, quarrying, and oil and gas extraction	21	9.2	197.6	13619.6	197.6	13619.6	0.0	172.625	12592.25	0.8125
323	49043	49	43	Summit County, Utah	22	Utilities	22	6.8	51.0	4174.8	51.0	4174.8	0.0	52.6875	4301.53125	0.8125
324	49043	49	43	Summit County, Utah	23	Construction	23	283.8	1136.6	55252.8	1136.6	55252.8	0.0	1374.9117647058827	65335.58823529412	0.8235294117647058
325	49043	49	43	Summit County, Utah	42	Wholesale trade	42	60.6	614.8	39696.4	614.8	39696.4	0.0	610.75	53763.0625	0.8125
326	49043	49	43	Summit County, Utah	51	Information	51	39.0	298.0	13887.0	298.0	13887.0	0.0	413.59375	16847.71875	0.8125
327	49043	49	43	Summit County, Utah	52	Finance and insurance	52	93.8	693.4	97043.6	693.4	97043.6	0.0	1113.25	106074.59375	0.8125
328	49043	49	43	Summit County, Utah	53	Real estate and rental and leasing	53	283.6	1158.8	40188.2	1158.8	40188.2	0.0	1323.3548387096773	47258.354838709674	0.8064516129032258
329	49043	49	43	Summit County, Utah	54	Professional, scientific, and technical services	54	365.2	1060.2	72008.4	1060.2	72008.4	0.0	1127.909090909091	72956.66666666669	0.8181818181818182
330	49043	49	43	Summit County, Utah	55	Management of companies and enterprises	55	14.6	329.0	28659.2	329.0	28659.2	0.0	406.6	30298.24	0.76
331	49043	49	43	Summit County, Utah	56	Administrative and support and waste management and remediation services	56	128.6	904.2	30096.0	904.2	30096.0	0.0	877.7272727272727	27366.424242424244	0.8181818181818182
332	49043	49	43	Summit County, Utah	61	Educational services	61	35.4	430.6	10914.8	430.6	10914.8	0.0	424.3103448275862	10747.793103448277	0.7931034482758621
333	49043	49	43	Summit County, Utah	62	Health care and social assistance	62	147.2	1192.6	51441.4	1192.6	51441.4	0.0	1337.1818181818182	60543.606060606064	0.8181818181818182
334	49043	49	43	Summit County, Utah	71	Arts, entertainment, and recreation	71	60.0	5294.0	85623.0	5294.0	85623.0	0.0	4814.258064516129	84920.16129032258	0.8064516129032258
335	49043	49	43	Summit County, Utah	72	Accommodation and food services	72	183.2	6181.0	133866.4	6181.0	133866.4	0.0	6781.470588235295	161560.20588235295	0.8235294117647058
336	49043	49	43	Summit County, Utah	81	Other services (except public administration)	81	116.2	891.6	33373.8	891.6	33373.8	0.0	972.5454545454544	36129.84848484849	0.8181818181818182
337	49043	49	43	Summit County, Utah	99	Industries not classified	99	3.25	1.75	93.25	-0.0821428571428573	98.65357142857141	0.5	2.2747899159663865	140.2126050420168	0.8235294117647058
338	49045	49	45	Tooele County, Utah	21	Mining, quarrying, and oil and gas extraction	21	3.2	25.8	1694.6	137.66537299289286	10882.601819426165	0.6	78.0414645301395	5142.906534285338	0.90625
339	49045	49	45	Tooele County, Utah	22	Utilities	22	5.0	13.0	1058.2	10.440973350531989	866.3678424648857	0.6	30.31890208602062	2450.6199753851383	0.90625
340	49045	49	45	Tooele County, Utah	23	Construction	23	98.8	535.8	20702.0	535.8	20702.0	0.0	611.0294117647059	24792.70588235294	0.8235294117647058
341	49045	49	45	Tooele County, Utah	42	Wholesale trade	42	16.8	101.4	5330.6	101.4	5330.6	0.0	133.96875	7892.5625	0.8125
342	49045	49	45	Tooele County, Utah	51	Information	51	12.6	146.2	5211.0	146.2	5211.0	0.0	165.4375	5307.1875	0.8125
343	49045	49	45	Tooele County, Utah	52	Finance and insurance	52	45.6	180.0	6242.8	180.0	6242.8	0.0	215.4375	8713.46875	0.8125
344	49045	49	45	Tooele County, Utah	53	Real estate and rental and leasing	53	37.4	95.0	2417.2	95.0	2417.2	0.0	98.35483870967742	2850.6451612903224	0.8064516129032258
345	49045	49	45	Tooele County, Utah	54	Professional, scientific, and technical services	54	74.4	1032.2	66428.4	1032.2	66428.4	0.0	531.4242424242424	30818.0	0.8181818181818182
346	49045	49	45	Tooele County, Utah	55	Management of companies and enterprises	55	7.2	95.8	5895.8	95.8	5895.8	0.0	93.56	5857.56	0.76
347	49045	49	45	Tooele County, Utah	56	Administrative and support and waste management and remediation services	56	49.8	777.2	32350.0	777.2	32350.0	0.0	805.030303030303	33999.454545454544	0.8181818181818182
348	49045	49	45	Tooele County, Utah	61	Educational services	61	10.8	149.2	2914.2	352.3359430604982	7464.575088967971	0.2	261.8510246656031	5835.409498097926	0.8275862068965517
349	49045	49	45	Tooele County, Utah	62	Health care and social assistance	62	95.4	1291.4	48217.6	1291.4	48217.6	0.0	1283.4242424242425	48783.030303030304	0.8181818181818182
350	49045	49	45	Tooele County, Utah	71	Arts, entertainment, and recreation	71	13.4	80.0	1732.0	176.59512260967378	3820.39644544432	0.6	108.99921332414092	1896.9026524910196	0.9032258064516128
351	49045	49	45	Tooele County, Utah	72	Accommodation and food services	72	71.8	1111.0	14105.6	1111.0	14105.6	0.0	1186.0588235294115	15688.14705882353	0.8235294117647058
352	49045	49	45	Tooele County, Utah	81	Other services (except public administration)	81	75.4	333.6	7242.4	333.6	7242.4	0.0	318.6666666666667	8319.636363636364	0.8181818181818182
353	49045	49	45	Tooele County, Utah	99	Industries not classified	99	1.5	0.25	7.0	1.0666666666666664	24.18333333333333	0.75	1.10517313308302	32.869795577805576	0.9411764705882352
354	49047	49	47	Uintah County, Utah	11	Agriculture, forestry, fishing and hunting	11	3.2	2.0	37.2	18.660268317853454	753.0744582043344	0.6	7.62697467651028	212.66816503929508	0.8846153846153846
355	49047	49	47	Uintah County, Utah	21	Mining, quarrying, and oil and gas extraction	21	162.8	1820.0	134095.2	1820.0	134095.2	0.0	1316.28125	97398.65625	0.8125
356	49047	49	47	Uintah County, Utah	22	Utilities	22	5.0	0.0	0.0	30.69920864464964	2938.7913718766504	1.0	87.91386717641458	8273.181994745633	1.0
357	49047	49	47	Uintah County, Utah	23	Construction	23	123.0	1290.6	70093.8	1290.6	70093.8	0.0	1026.5294117647059	52246.176470588245	0.8235294117647058
358	49047	49	47	Uintah County, Utah	42	Wholesale trade	42	64.4	520.4	32572.8	520.4	32572.8	0.0	450.875	26173.125	0.8125
359	49047	49	47	Uintah County, Utah	51	Information	51	8.6	64.8	2732.6	147.10587544065802	6899.0351351351355	0.4	124.2352930376028	5405.567989864865	0.875
360	49047	49	47	Uintah County, Utah	52	Finance and insurance	52	40.6	199.6	9458.8	199.6	9458.8	0.0	199.9375	8968.75	0.8125
361	49047	49	47	Uintah County, Utah	53	Real estate and rental and leasing	53	73.6	441.6	25322.6	441.6	25322.6	0.0	281.741935483871	14833.193548387097	0.8064516129032258
362	49047	49	47	Uintah County, Utah	54	Professional, scientific, and technical services	54	98.4	506.2	25163.0	506.2	25163.0	0.0	405.9090909090909	17491.0	0.8181818181818182
363	49047	49	47	Uintah County, Utah	55	Management of companies and enterprises	55	1.8	0.0	0.0	54.59468671679199	2760.251177944863	1.0	87.63656110573461	7537.441126678077	1.0
364	49047	49	47	Uintah County, Utah	56	Administrative and support and waste management and remediation services	56	41.8	205.2	6510.8	205.2	6510.8	0.0	195.6969696969697	5889.878787878788	0.8181818181818182
365	49047	49	47	Uintah County, Utah	61	Educational services	61	11.2	47.4	1213.8	47.4	1213.8	0.0	127.34482758620688	2452.8620689655168	0.7931034482758621
366	49047	49	47	Uintah County, Utah	62	Health care and social assistance	62	66.0	709.4	25882.6	709.4	25882.6	0.0	735.3636363636364	26172.272727272728	0.8181818181818182
367	49047	49	47	Uintah County, Utah	71	Arts, entertainment, and recreation	71	9.4	7.6	380.6	7.6	380.6	0.0	11.290322580645164	409.4516129032258	0.8064516129032258
368	49047	49	47	Uintah County, Utah	72	Accommodation and food services	72	69.0	1046.6	14257.2	1046.6	14257.2	0.0	1011.970588235294	14194.764705882351	0.8235294117647058
369	49047	49	47	Uintah County, Utah	81	Other services (except public administration)	81	82.2	419.6	14770.4	419.6	14770.4	0.0	352.90909090909093	11868.242424242424	0.8181818181818182
370	49047	49	47	Uintah County, Utah	99	Industries not classified	99	1.0	0.0	0.0	-1.7142857142857142	4.857142857142857	1.0	-1.7142857142857142	4.857142857142857	1.0
371	49049	49	49	Utah County, Utah	11	Agriculture, forestry, fishing and hunting	11	17.2	58.6	1901.4	58.6	1901.4	0.0	55.69230769230769	1979.4230769230771	0.7692307692307693
372	49049	49	49	Utah County, Utah	21	Mining, quarrying, and oil and gas extraction	21	17.4	44.6	2853.4	424.9905954198474	34031.94051908397	0.4	125.46728053435116	8761.67820610687	0.875
373	49049	49	49	Utah County, Utah	22	Utilities	22	15.6	86.0	8094.6	78.44638943935107	7527.818833517104	0.6	198.72599834989862	18344.00294273705	0.90625
374	49049	49	49	Utah County, Utah	23	Construction	23	1402.2	11399.4	503996.2	11399.4	503996.2	0.0	15195.5	683523.0882352941	0.8235294117647058
375	49049	49	49	Utah County, Utah	42	Wholesale trade	42	456.2	7449.6	415928.2	7449.6	415928.2	0.0	9052.21875	480660.53125	0.8125
376	49049	49	49	Utah County, Utah	51	Information	51	312.2	11260.2	947693.0	11260.2	947693.0	0.0	13658.8125	1159174.71875	0.8125
377	49049	49	49	Utah County, Utah	52	Finance and insurance	52	746.0	5080.0	304811.2	5080.0	304811.2	0.0	5540.6875	354121.46875	0.8125
378	49049	49	49	Utah County, Utah	53	Real estate and rental and leasing	53	758.8	2322.2	79336.6	2322.2	79336.6	0.0	2774.0967741935488	100272.80645161292	0.8064516129032258
379	49049	49	49	Utah County, Utah	54	Professional, scientific, and technical services	54	1819.4	13183.8	716470.2	13183.8	716470.2	0.0	14544.939393939394	843999.8484848484	0.8181818181818182
380	49049	49	49	Utah County, Utah	55	Management of companies and enterprises	55	60.4	1786.8	144817.2	1786.8	144817.2	0.0	2736.56	198170.64	0.76
381	49049	49	49	Utah County, Utah	56	Administrative and support and waste management and remediation services	56	671.8	16580.2	545452.8	16580.2	545452.8	0.0	17224.030303030304	622924.7272727273	0.8181818181818182
382	49049	49	49	Utah County, Utah	61	Educational services	61	248.4	10518.6	262453.0	23917.145996143423	570835.6660655154	0.6	26100.197585541973	653591.2527699164	0.8965517241379308
383	49049	49	49	Utah County, Utah	62	Health care and social assistance	62	1278.2	22385.6	849553.2	22385.6	849553.2	0.0	24452.848484848488	955791.8181818181	0.8181818181818182
384	49049	49	49	Utah County, Utah	71	Arts, entertainment, and recreation	71	200.0	1794.6	38105.2	1794.6	38105.2	0.0	1966.032258064516	46664.90322580645	0.8064516129032258
385	49049	49	49	Utah County, Utah	72	Accommodation and food services	72	725.0	14721.0	194145.8	14721.0	194145.8	0.0	16337.323529411766	230818.17647058825	0.8235294117647058
386	49049	49	49	Utah County, Utah	81	Other services (except public administration)	81	674.4	3628.4	98596.0	3628.4	98596.0	0.0	3847.818181818182	112203.15151515152	0.8181818181818182
387	49049	49	49	Utah County, Utah	99	Industries not classified	99	17.4	20.4	811.4	20.4	811.4	0.0	28.055555555555557	1489.2777777777776	0.6666666666666666
388	49051	49	51	Wasatch County, Utah	11	Agriculture, forestry, fishing and hunting	11	5.4	3.2	217.8	3.2	217.8	0.0	6.269230769230768	174.34615384615384	0.7692307692307693
389	49051	49	51	Wasatch County, Utah	21	Mining, quarrying, and oil and gas extraction	21	3.2	7.4	476.4	32.18	2599.94	0.2	39.27372572815535	3034.95603762136	0.875
390	49051	49	51	Wasatch County, Utah	22	Utilities	22	1.6	0.0	0.0	9.15496180837532	877.234899266124	1.0	18.053885947696266	1699.8671215883128	1.0
391	49051	49	51	Wasatch County, Utah	23	Construction	23	156.6	675.4	41034.8	675.4	41034.8	0.0	787.6470588235294	49952.470588235294	0.8235294117647058
392	49051	49	51	Wasatch County, Utah	42	Wholesale trade	42	23.4	34.0	2201.2	34.0	2201.2	0.0	61.84375	3176.40625	0.8125
393	49051	49	51	Wasatch County, Utah	51	Information	51	11.8	77.8	3139.6	77.8	3139.6	0.0	81.34375	3134.03125	0.8125
394	49051	49	51	Wasatch County, Utah	52	Finance and insurance	52	38.8	146.8	8947.4	146.8	8947.4	0.0	136.0	7429.15625	0.8125
395	49051	49	51	Wasatch County, Utah	53	Real estate and rental and leasing	53	55.0	124.0	4957.0	124.0	4957.0	0.0	147.48387096774192	6236.870967741936	0.8064516129032258
396	49051	49	51	Wasatch County, Utah	54	Professional, scientific, and technical services	54	122.8	427.6	21536.0	427.6	21536.0	0.0	444.9090909090909	24075.515151515152	0.8181818181818182
397	49051	49	51	Wasatch County, Utah	55	Management of companies and enterprises	55	2.4	4.0	123.4	16.28666666666667	868.0733333333334	0.4	41.61614521452145	3666.3101122112203	0.88
398	49051	49	51	Wasatch County, Utah	56	Administrative and support and waste management and remediation services	56	67.0	406.8	14403.2	406.8	14403.2	0.0	443.45454545454544	15778.424242424244	0.8181818181818182
399	49051	49	51	Wasatch County, Utah	61	Educational services	61	11.6	59.6	1554.6	642.5493268093658	14956.656762133516	0.6	240.71540117402856	5944.5270279540555	0.8965517241379308
400	49051	49	51	Wasatch County, Utah	62	Health care and social assistance	62	67.2	587.6	19844.0	587.6	19844.0	0.0	695.6969696969697	25626.424242424244	0.8181818181818182
401	49051	49	51	Wasatch County, Utah	71	Arts, entertainment, and recreation	71	14.4	165.2	3550.4	205.48976377952758	4520.425196850394	0.2	199.20802641605286	4449.616967233935	0.8387096774193549
402	49051	49	51	Wasatch County, Utah	72	Accommodation and food services	72	59.6	1241.2	19965.4	1241.2	19965.4	0.0	1444.029411764706	22733.70588235294	0.8235294117647058
403	49051	49	51	Wasatch County, Utah	81	Other services (except public administration)	81	52.2	242.4	6602.2	242.4	6602.2	0.0	393.93939393939394	10626.39393939394	0.8181818181818182
404	49053	49	53	Washington County, Utah	11	Agriculture, forestry, fishing and hunting	11	4.4	3.8	258.2	3.8	258.2	0.0	7.1923076923076925	239.46153846153842	0.7692307692307693
405	49053	49	53	Washington County, Utah	21	Mining, quarrying, and oil and gas extraction	21	5.0	5.0	696.0	138.99096077915243	11970.260536983416	0.6	124.45413980620847	9756.499446767735	0.9375
406	49053	49	53	Washington County, Utah	22	Utilities	22	10.8	67.6	5057.4	67.6	5057.4	0.0	67.9375	5476.40625	0.8125
407	49053	49	53	Washington County, Utah	23	Construction	23	676.8	4314.4	153321.6	4314.4	153321.6	0.0	5124.35294117647	194930.11764705885	0.8235294117647058
408	49053	49	53	Washington County, Utah	42	Wholesale trade	42	173.0	1441.2	61686.8	1441.2	61686.8	0.0	1564.21875	70370.0	0.8125
409	49053	49	53	Washington County, Utah	51	Information	51	69.0	720.8	26646.6	720.8	26646.6	0.0	855.96875	36127.3125	0.8125
410	49053	49	53	Washington County, Utah	52	Finance and insurance	52	249.0	1399.0	71273.8	1399.0	71273.8	0.0	1430.21875	80672.5	0.8125
411	49053	49	53	Washington County, Utah	53	Real estate and rental and leasing	53	343.6	846.6	22881.0	846.6	22881.0	0.0	880.483870967742	25221.838709677417	0.8064516129032258
412	49053	49	53	Washington County, Utah	54	Professional, scientific, and technical services	54	507.6	1867.8	77778.8	1867.8	77778.8	0.0	2044.4545454545453	86870.48484848485	0.8181818181818182
413	49053	49	53	Washington County, Utah	55	Management of companies and enterprises	55	13.0	16.0	4040.4	16.0	4040.4	0.0	31.2	7156.88	0.76
414	49053	49	53	Washington County, Utah	56	Administrative and support and waste management and remediation services	56	270.2	1863.2	53516.8	1863.2	53516.8	0.0	2082.787878787879	63577.454545454544	0.8181818181818182
415	49053	49	53	Washington County, Utah	61	Educational services	61	39.4	486.8	10999.2	486.8	10999.2	0.0	551.5172413793103	12288.413793103447	0.7931034482758621
416	49053	49	53	Washington County, Utah	62	Health care and social assistance	62	523.4	7889.2	305234.0	7889.2	305234.0	0.0	9084.545454545454	355135.9393939394	0.8181818181818182
417	49053	49	53	Washington County, Utah	71	Arts, entertainment, and recreation	71	66.6	788.2	15127.6	788.2	15127.6	0.0	882.8064516129033	17309.41935483871	0.8064516129032258
418	49053	49	53	Washington County, Utah	72	Accommodation and food services	72	325.6	6499.8	98198.0	6499.8	98198.0	0.0	7281.264705882353	113199.52941176471	0.8235294117647058
419	49053	49	53	Washington County, Utah	81	Other services (except public administration)	81	229.8	1178.0	30490.4	1178.0	30490.4	0.0	1278.121212121212	35072.72727272727	0.8181818181818182
420	49053	49	53	Washington County, Utah	99	Industries not classified	99	4.2	3.2	63.8	4.4	70.16666666666666	0.2	8.444444444444445	137.2129629629629	0.7222222222222222
421	49055	49	55	Wayne County, Utah	21	Mining, quarrying, and oil and gas extraction	21	1.0	0.0	0.0	62.86166558705379	5361.1038881399	1.0	26.94493561205483	2152.03018883254	1.0
422	49055	49	55	Wayne County, Utah	22	Utilities	22	1.0	0.0	0.0	6.139841728929928	587.7582743753301	1.0	17.582773435282927	1654.6363989491265	1.0
423	49055	49	55	Wayne County, Utah	23	Construction	23	19.6	96.8	4161.2	96.8	4161.2	0.0	112.32352941176471	4261.676470588235	0.8235294117647058
424	49055	49	55	Wayne County, Utah	42	Wholesale trade	42	1.0	0.0	0.0	71.43605382316817	6286.14918985028	1.0	24.24114187306184	1763.1413338184561	1.0
425	49055	49	55	Wayne County, Utah	51	Information	51	1.0	0.0	0.0	29.0	2632.6666666666665	1.0	29.87907268170425	2134.796365914788	1.0
426	49055	49	55	Wayne County, Utah	52	Finance and insurance	52	1.0	0.0	0.0	149.9140819964349	6155.5403446226965	1.0	149.9140819964349	6155.5403446226965	1.0
427	49055	49	55	Wayne County, Utah	53	Real estate and rental and leasing	53	1.25	0.0	0.0	17.68269230769231	194.3519230769231	1.0	17.68269230769231	194.3519230769231	1.0
428	49055	49	55	Wayne County, Utah	54	Professional, scientific, and technical services	54	3.4	2.4	56.0	378.29154315605933	7759.22848903494	0.6	62.407809569099896	1291.8831043992336	0.9090909090909092
429	49055	49	55	Wayne County, Utah	56	Administrative and support and waste management and remediation services	56	2.0	0.0	0.0	9036.212346938775	331235.2002040817	1.0	1420.7568528479214	52049.56207522059	1.0
430	49055	49	55	Wayne County, Utah	61	Educational services	61	2.6666666666666665	0.0	0.0	250.7979223589372	5732.731493127085	1.0	250.7979223589372	5732.731493127085	1.0
431	49055	49	55	Wayne County, Utah	62	Health care and social assistance	62	5.0	20.6	696.4	110.90241652092901	3669.7790252194236	0.8	91.571347422618	3800.068426030021	0.9696969696969696
432	49055	49	55	Wayne County, Utah	71	Arts, entertainment, and recreation	71	2.6	1.0	33.6	13.817512646084076	237.50078492935643	0.6	35.47811631560037	676.060524679752	0.935483870967742
433	49055	49	55	Wayne County, Utah	72	Accommodation and food services	72	22.8	139.0	3031.8	139.0	3031.8	0.0	182.5	4162.970588235295	0.8235294117647058
434	49055	49	55	Wayne County, Utah	81	Other services (except public administration)	81	3.2	3.8	208.6	33.57142857142857	1065.5190476190478	0.4	14.41991341991342	513.5634920634919	0.8787878787878788
435	49057	49	57	Weber County, Utah	11	Agriculture, forestry, fishing and hunting	11	6.4	0.0	0.0	57.52516713779333	3002.765082783685	1.0	33.99057184411658	2019.0032107090208	1.0
436	49057	49	57	Weber County, Utah	21	Mining, quarrying, and oil and gas extraction	21	7.2	173.6	11563.2	456.1176591093766	35845.233216979286	0.6	415.5183842358401	26751.098940153017	0.90625
437	49057	49	57	Weber County, Utah	22	Utilities	22	9.0	0.0	0.0	48.24396000438283	4638.2005312113515	1.0	140.52550407178578	13227.112181625622	1.0
438	49057	49	57	Weber County, Utah	23	Construction	23	665.8	4891.2	218313.2	4891.2	218313.2	0.0	5199.794117647059	250092.76470588235	0.8235294117647058
439	49057	49	57	Weber County, Utah	42	Wholesale trade	42	213.4	3323.8	154272.2	3323.8	154272.2	0.0	3260.6875	164570.0	0.8125
440	49057	49	57	Weber County, Utah	51	Information	51	56.0	928.8	43456.8	928.8	43456.8	0.0	905.34375	45724.96875	0.8125
441	49057	49	57	Weber County, Utah	52	Finance and insurance	52	341.0	3909.4	200292.8	3909.4	200292.8	0.0	4254.15625	232680.3125	0.8125
442	49057	49	57	Weber County, Utah	53	Real estate and rental and leasing	53	299.4	1122.8	32301.0	1122.8	32301.0	0.0	1005.548387096774	33038.22580645161	0.8064516129032258
443	49057	49	57	Weber County, Utah	54	Professional, scientific, and technical services	54	517.2	5230.2	199529.6	5230.2	199529.6	0.0	4100.69696969697	181639.63636363635	0.8181818181818182
444	49057	49	57	Weber County, Utah	55	Management of companies and enterprises	55	23.0	723.4	72924.4	723.4	72924.4	0.0	815.88	85661.68	0.76
445	49057	49	57	Weber County, Utah	56	Administrative and support and waste management and remediation services	56	288.4	6333.8	154355.4	6333.8	154355.4	0.0	5824.878787878788	161065.72727272724	0.8181818181818182
446	49057	49	57	Weber County, Utah	61	Educational services	61	57.4	894.8	23711.6	894.8	23711.6	0.0	1147.3793103448277	30381.44827586207	0.7931034482758621
447	49057	49	57	Weber County, Utah	62	Health care and social assistance	62	630.8	10749.8	442339.2	10749.8	442339.2	0.0	10979.060606060606	477306.7878787879	0.8181818181818182
448	49057	49	57	Weber County, Utah	71	Arts, entertainment, and recreation	71	51.0	1911.8	20383.8	1911.8	20383.8	0.0	2100.6774193548385	23880.548387096773	0.8064516129032258
449	49057	49	57	Weber County, Utah	72	Accommodation and food services	72	386.0	6996.2	92055.6	6996.2	92055.6	0.0	7462.588235294117	103338.64705882351	0.8235294117647058
450	49057	49	57	Weber County, Utah	81	Other services (except public administration)	81	382.4	2253.2	56058.6	2253.2	56058.6	0.0	2345.5151515151515	62926.57575757576	0.8181818181818182
451	49057	49	57	Weber County, Utah	99	Industries not classified	99	4.6	5.6	68.6	4.46	82.10666666666665	0.4	4.85	53.14074074074074	0.7777777777777778
