"storm","city","city_radius","wind_mph","wind_kmph","label","cityimpactday","year","norm_count_total","impact_count_total","change_count_percent","norm_displacement_total_km","impact_displacement_total_km","change_displacement_total_km","change_displacement_total_degree","change_displacement_total_degree_abs","change_displacement_percent","change_displacement_percent_abs","change_step_displacement_percent","change_step_displacement_percent_abs","step_type","norm_step_count","norm_step_avg_km","norm_step_displacement_km","impact_step_count","impact_step_avg_km","change_step_avg_km","change_step_avg_km_abs","norm_step_avg_degrees","impact_step_avg_degrees","change_step_avg_degrees","change_step_avg_degrees_abs","impact_step_displacement_km","change_displacement_km","change_displacement_km_abs","change_displacement_degrees","change_displacement_degrees_abs","norm_step_count_percent","impact_step_count_percent","change_step_count_percent","change_step_count_percent_abs","norm_step_distance_proportionality","impact_step_distance_proportionality","change_step_distance_proportionality","change_step_distance_proportionality_abs"
"Michael","Tampa","40","40","64.37","40 - Michael - Tampa","2018-10-10","2018","325.60000000000000000000","373","14.5577","5275.4046","6016.3500","740.945400","6.698146","6.6981","14.0453","14.0453","4.6143","4.6143",1,"13","0.0390","2.5746","13","0.2072","-0.168200","0.168200","0.000353","0.001873","-0.001521","0.001521","2.6934","0.1188","0.118800","0.001100","0.001100","0.03992629","0.03485255","0.00507374","0.00507374","0.00048804","0.00044768","0.00004036","0.00004036"
"Michael","Tampa","40","40","64.37","40 - Michael - Tampa","2018-10-10","2018","325.60000000000000000000","373","14.5577","5275.4046","6016.3500","740.945400","6.698146","6.6981","14.0453","14.0453","40.6238","40.6238",2,"11","0.1379","7.7238","14","0.7758","-0.637900","0.637900","0.001247","0.007013","-0.005767","0.005767","10.8615","3.1377","3.137700","0.028400","0.028400","0.03378378","0.03753351","-0.00374973","0.00374973","0.00146412","0.00180533","-0.00034122","0.00034122"
"Michael","Tampa","40","40","64.37","40 - Michael - Tampa","2018-10-10","2018","325.60000000000000000000","373","14.5577","5275.4046","6016.3500","740.945400","6.698146","6.6981","14.0453","14.0453","26.7182","26.7182",3,"54","0.5909","160.7244","65","3.1333","-2.542400","2.542400","0.005342","0.028325","-0.022983","0.022983","203.6670","42.9426","42.942600","0.388200","0.388200","0.16584767","0.17426273","-0.00841507","0.00841507","0.03046674","0.03385225","-0.00338551","0.00338551"
"Michael","Tampa","40","40","64.37","40 - Michael - Tampa","2018-10-10","2018","325.60000000000000000000","373","14.5577","5275.4046","6016.3500","740.945400","6.698146","6.6981","14.0453","14.0453","38.7607","38.7607",4,"54","1.4341","388.6483","72","7.4902","-6.056100","6.056100","0.012964","0.067711","-0.054747","0.054747","539.2910","150.6427","150.642700","1.361800","1.361800","0.16584767","0.19302949","-0.02718182","0.02718182","0.07367175","0.08963757","-0.01596582","0.01596582"
"Michael","Tampa","40","40","64.37","40 - Michael - Tampa","2018-10-10","2018","325.60000000000000000000","373","14.5577","5275.4046","6016.3500","740.945400","6.698146","6.6981","14.0453","14.0453","5.8421","5.8421",5,"189","4.7617","4495.0091","200","23.7880","-19.026300","19.026300","0.043046","0.215044","-0.171998","0.171998","4757.6100","262.6009","262.600900","2.373900","2.373900","0.58046683","0.53619303","0.04427380","0.04427380","0.85206907","0.79078012","0.06128895","0.06128895"
"Michael","Tampa","40","40","64.37","40 - Michael - Tampa","2018-10-10","2018","325.60000000000000000000","373","14.5577","5275.4046","6016.3500","740.945400","6.698146","6.6981","14.0453","14.0453","127.5385","127.5385",6,"4","11.6171","220.7244","9","55.8037","-44.186600","44.186600","0.105019","0.504465","-0.399447","0.399447","502.2330","281.5086","281.508600","2.544800","2.544800","0.01228501","0.02412869","-0.01184367","0.01184367","0.04184028","0.08347802","-0.04163774","0.04163774"
"Rammasun","Antipolo","15","40","64.37","40 - Rammasun - Antipolo","2014-07-16","2014","7569.20000000000000000000","11560","52.7242","16368.2354","16196.6000","-171.635400","-1.551584","1.5516","-1.0486","1.0486","92.1268","92.1268",1,"3555","0.0299","531.3523","6601","0.1547","-0.124800","0.124800","0.000270","0.001398","-0.001128","0.001128","1020.8700","489.5177","489.517700","4.425200","4.425200","0.46966654","0.57102076","-0.10135422","0.10135422","0.03246241","0.06302990","-0.03056749","0.03056749"
"Rammasun","Antipolo","15","40","64.37","40 - Rammasun - Antipolo","2014-07-16","2014","7569.20000000000000000000","11560","52.7242","16368.2354","16196.6000","-171.635400","-1.551584","1.5516","-1.0486","1.0486","73.5585","73.5585",2,"1093","0.1263","690.5280","1931","0.6206","-0.494300","0.494300","0.001142","0.005610","-0.004468","0.004468","1198.4700","507.9420","507.942000","4.591800","4.591800","0.14440099","0.16704152","-0.02264053","0.02264053","0.04218708","0.07399516","-0.03180808","0.03180808"
"Rammasun","Antipolo","15","40","64.37","40 - Rammasun - Antipolo","2014-07-16","2014","7569.20000000000000000000","11560","52.7242","16368.2354","16196.6000","-171.635400","-1.551584","1.5516","-1.0486","1.0486","11.6511","11.6511",3,"1719","0.5207","4474.3056","1988","2.5129","-1.992200","1.992200","0.004707","0.022717","-0.018009","0.018009","4995.6100","521.3044","521.304400","4.712600","4.712600","0.22710458","0.17197232","0.05513226","0.05513226","0.27335296","0.30843572","-0.03508276","0.03508276"
"Rammasun","Antipolo","15","40","64.37","40 - Rammasun - Antipolo","2014-07-16","2014","7569.20000000000000000000","11560","52.7242","16368.2354","16196.6000","-171.635400","-1.551584","1.5516","-1.0486","1.0486","-13.7320","13.7320",4,"854","1.4292","6105.6233","753","6.9949","-5.565700","5.565700","0.012920","0.063234","-0.050314","0.050314","5267.2000","-838.4233","838.423300","-7.579300","7.579300","0.11282566","0.06513841","0.04768725","0.04768725","0.37301659","0.32520406","0.04781253","0.04781253"
"Rammasun","Antipolo","15","40","64.37","40 - Rammasun - Antipolo","2014-07-16","2014","7569.20000000000000000000","11560","52.7242","16368.2354","16196.6000","-171.635400","-1.551584","1.5516","-1.0486","1.0486","-18.6581","18.6581",5,"348","2.6274","4566.4261","287","12.9422","-10.314800","10.314800","0.023752","0.116997","-0.093246","0.093246","3714.4200","-852.0061","852.006100","-7.702100","7.702100","0.04597580","0.02482699","0.02114881","0.02114881","0.27898096","0.22933332","0.04964765","0.04964765"
"Rammasun","Manila","6","40","64.37","40 - Rammasun - Manila","2014-07-16","2014","2890.60000000000000000000","4836","67.3009","2508.0136","2279.2500","-228.763600","-2.068023","2.0680","-9.1213","9.1213","91.5270","91.5270",1,"1828","0.0291","265.8409","3631","0.1402","-0.111100","0.111100","0.000263","0.001267","-0.001004","0.001004","509.1570","243.3161","243.316100","2.199600","2.199600","0.63239466","0.75082713","-0.11843247","0.11843247","0.10599659","0.22338796","-0.11739136","0.11739136"
"Rammasun","Manila","6","40","64.37","40 - Rammasun - Manila","2014-07-16","2014","2890.60000000000000000000","4836","67.3009","2508.0136","2279.2500","-228.763600","-2.068023","2.0680","-9.1213","9.1213","66.4099","66.4099",2,"410","0.1224","250.5992","694","0.6009","-0.478500","0.478500","0.001106","0.005432","-0.004326","0.004326","417.0220","166.4228","166.422800","1.504500","1.504500","0.14183906","0.14350703","-0.00166797","0.00166797","0.09991939","0.18296457","-0.08304518","0.08304518"
"Rammasun","Manila","6","40","64.37","40 - Rammasun - Manila","2014-07-16","2014","2890.60000000000000000000","4836","67.3009","2508.0136","2279.2500","-228.763600","-2.068023","2.0680","-9.1213","9.1213","-26.0733","26.0733",3,"561","0.4968","1392.5409","462","2.2283","-1.731500","1.731500","0.004491","0.020144","-0.015653","0.015653","1029.4600","-363.0809","363.080900","-3.282300","3.282300","0.19407735","0.09553350","0.09854386","0.09854386","0.55523658","0.45166612","0.10357046","0.10357046"
"Rammasun","Manila","6","40","64.37","40 - Rammasun - Manila","2014-07-16","2014","2890.60000000000000000000","4836","67.3009","2508.0136","2279.2500","-228.763600","-2.068023","2.0680","-9.1213","9.1213","-48.4944","48.4944",4,"91","1.2901","588.2974","47","6.4469","-5.156800","5.156800","0.011663","0.058280","-0.046617","0.046617","303.0060","-285.2914","285.291400","-2.579000","2.579000","0.03148135","0.00971878","0.02176258","0.02176258","0.23456707","0.13294110","0.10162597","0.10162597"
"Rammasun","Manila","6","40","64.37","40 - Rammasun - Manila","2014-07-16","2014","2890.60000000000000000000","4836","67.3009","2508.0136","2279.2500","-228.763600","-2.068023","2.0680","-9.1213","9.1213","91.9806","91.9806",5,"1","2.1470","10.7352","2","10.3047","-8.157700","8.157700","0.019409","0.093154","-0.073746","0.073746","20.6095","9.8743","9.874300","0.089300","0.089300","0.00034595","0.00041356","-0.00006762","0.00006762","0.00428036","0.00904223","-0.00476187","0.00476187"
"Lan","Tokyo","50","55","88.51","55 - Lan - Tokyo","2017-10-23","2017","10892.20000000000000000000","10626","-2.4440","90847.5715","90500.8000","-346.771500","-3.134814","3.1348","-0.3817","0.3817","-10.2888","10.2888",1,"2511","0.0353","442.6101","2269","0.1750","-0.139700","0.139700","0.000319","0.001582","-0.001263","0.001263","397.0710","-45.5391","45.539100","-0.411700","0.411700","0.23053194","0.21353284","0.01699910","0.01699910","0.00487201","0.00438749","0.00048452","0.00048452"
"Lan","Tokyo","50","55","88.51","55 - Lan - Tokyo","2017-10-23","2017","10892.20000000000000000000","10626","-2.4440","90847.5715","90500.8000","-346.771500","-3.134814","3.1348","-0.3817","0.3817","-13.6675","13.6675",2,"1105","0.1286","710.5908","952","0.6444","-0.515800","0.515800","0.001163","0.005825","-0.004663","0.004663","613.4710","-97.1198","97.119800","-0.878000","0.878000","0.10144874","0.08959157","0.01185718","0.01185718","0.00782179","0.00677863","0.00104317","0.00104317"
"Lan","Tokyo","50","55","88.51","55 - Lan - Tokyo","2017-10-23","2017","10892.20000000000000000000","10626","-2.4440","90847.5715","90500.8000","-346.771500","-3.134814","3.1348","-0.3817","0.3817","1.5289","1.5289",3,"2474","0.5446","6737.0601","2499","2.7371","-2.192500","2.192500","0.004923","0.024743","-0.019820","0.019820","6840.0600","102.9999","102.999900","0.931100","0.931100","0.22713501","0.23517787","-0.00804285","0.00804285","0.07415784","0.07558011","-0.00142226","0.00142226"
"Lan","Tokyo","50","55","88.51","55 - Lan - Tokyo","2017-10-23","2017","10892.20000000000000000000","10626","-2.4440","90847.5715","90500.8000","-346.771500","-3.134814","3.1348","-0.3817","0.3817","3.6147","3.6147",4,"1771","1.4402","12751.9511","1838","7.1887","-5.748500","5.748500","0.013019","0.064986","-0.051966","0.051966","13212.9000","460.9489","460.948900","4.167000","4.167000","0.16259342","0.17297196","-0.01037854","0.01037854","0.14036645","0.14599760","-0.00563115","0.00563115"
"Lan","Tokyo","50","55","88.51","55 - Lan - Tokyo","2017-10-23","2017","10892.20000000000000000000","10626","-2.4440","90847.5715","90500.8000","-346.771500","-3.134814","3.1348","-0.3817","0.3817","-0.3935","0.3935",5,"2955","4.4505","65756.0241","2998","21.8470","-17.396500","17.396500","0.040233","0.197497","-0.157264","0.157264","65497.3000","-258.7241","258.724100","-2.338900","2.338900","0.27129506","0.28213815","-0.01084310","0.01084310","0.72380607","0.72372067","0.00008540","0.00008540"
"Lan","Tokyo","50","55","88.51","55 - Lan - Tokyo","2017-10-23","2017","10892.20000000000000000000","10626","-2.4440","90847.5715","90500.8000","-346.771500","-3.134814","3.1348","-0.3817","0.3817","-11.4492","11.4492",6,"76","11.6475","4449.3353","70","56.2845","-44.637000","44.637000","0.105293","0.508812","-0.403518","0.403518","3939.9200","-509.4153","509.415300","-4.605100","4.605100","0.00697747","0.00658762","0.00038985","0.00038985","0.04897583","0.04353464","0.00544119","0.00544119"
"Florence","Wilmington","20","60","96.56","60 - Florence - Wilmington","2018-09-14","2018","41.40000000000000000000","75","81.1594","359.7940","641.7150","281.921000","2.548566","2.5486","78.3562","78.3562","-67.5164","67.5164",1,"1","0.0518","0.2589","2","0.0420","0.009800","0.009800","0.000468","0.000380","0.000089","0.000089","0.0841","-0.1748","0.174800","-0.001600","0.001600","0.02415459","0.02666667","-0.00251208","0.00251208","0.00071958","0.00013106","0.00058852","0.00058852"
"Florence","Wilmington","20","60","96.56","60 - Florence - Wilmington","2018-09-14","2018","41.40000000000000000000","75","81.1594","359.7940","641.7150","281.921000","2.548566","2.5486","78.3562","78.3562","-33.3944","33.3944",2,"4","0.1315","2.8936","3","0.6424","-0.510900","0.510900","0.001189","0.005807","-0.004619","0.004619","1.9273","-0.9663","0.966300","-0.008700","0.008700","0.09661836","0.04000000","0.05661836","0.05661836","0.00804238","0.00300336","0.00503902","0.00503902"
"Florence","Wilmington","20","60","96.56","60 - Florence - Wilmington","2018-09-14","2018","41.40000000000000000000","75","81.1594","359.7940","641.7150","281.921000","2.548566","2.5486","78.3562","78.3562","161.3439","161.3439",3,"6","0.7000","22.3998","16","3.6588","-2.958800","2.958800","0.006328","0.033076","-0.026748","0.026748","58.5405","36.1407","36.140700","0.326700","0.326700","0.14492754","0.21333333","-0.06840580","0.06840580","0.06225729","0.09122508","-0.02896778","0.02896778"
"Florence","Wilmington","20","60","96.56","60 - Florence - Wilmington","2018-09-14","2018","41.40000000000000000000","75","81.1594","359.7940","641.7150","281.921000","2.548566","2.5486","78.3562","78.3562","99.5636","99.5636",4,"9","1.6371","70.3971","19","7.3941","-5.757000","5.757000","0.014799","0.066843","-0.052043","0.052043","140.4870","70.0899","70.089900","0.633600","0.633600","0.21739130","0.25333333","-0.03594203","0.03594203","0.19565946","0.21892429","-0.02326483","0.02326483"
"Florence","Wilmington","20","60","96.56","60 - Florence - Wilmington","2018-09-14","2018","41.40000000000000000000","75","81.1594","359.7940","641.7150","281.921000","2.548566","2.5486","78.3562","78.3562","67.0210","67.0210",5,"21","2.5128","263.8446","35","12.5907","-10.077900","10.077900","0.022716","0.113820","-0.091104","0.091104","440.6760","176.8314","176.831400","1.598600","1.598600","0.50724638","0.46666667","0.04057971","0.04057971","0.73332129","0.68671607","0.04660522","0.04660522"
"Irma","Tampa","40","70","112.65","70 - Irma - Tampa","2017-09-11","2017","330.80000000000000000000","362","9.4317","5610.1317","5538.7900","-71.341700","-0.644929","0.6449","-1.2717","1.2717","39.5884","39.5884",1,"13","0.0376","2.5169","20","0.1757","-0.138100","0.138100","0.000340","0.001588","-0.001248","0.001248","3.5133","0.9964","0.996400","0.009000","0.009000","0.03929867","0.05524862","-0.01594995","0.01594995","0.00044863","0.00063431","-0.00018567","0.00018567"
"Irma","Tampa","40","70","112.65","70 - Irma - Tampa","2017-09-11","2017","330.80000000000000000000","362","9.4317","5610.1317","5538.7900","-71.341700","-0.644929","0.6449","-1.2717","1.2717","116.7055","116.7055",2,"7","0.1240","4.4656","13","0.7444","-0.620400","0.620400","0.001121","0.006729","-0.005608","0.005608","9.6772","5.2116","5.211600","0.047100","0.047100","0.02116082","0.03591160","-0.01475078","0.01475078","0.00079599","0.00174717","-0.00095118","0.00095118"
"Irma","Tampa","40","70","112.65","70 - Irma - Tampa","2017-09-11","2017","330.80000000000000000000","362","9.4317","5610.1317","5538.7900","-71.341700","-0.644929","0.6449","-1.2717","1.2717","6.0862","6.0862",3,"51","0.6214","157.8235","55","3.0442","-2.422800","2.422800","0.005617","0.027520","-0.021902","0.021902","167.4290","9.6055","9.605500","0.086800","0.086800","0.15417170","0.15193370","0.00223800","0.00223800","0.02813187","0.03022844","-0.00209657","0.00209657"
"Irma","Tampa","40","70","112.65","70 - Irma - Tampa","2017-09-11","2017","330.80000000000000000000","362","9.4317","5610.1317","5538.7900","-71.341700","-0.644929","0.6449","-1.2717","1.2717","-27.2520","27.2520",4,"54","1.4869","401.4696","40","7.3015","-5.814600","5.814600","0.013442","0.066006","-0.052564","0.052564","292.0610","-109.4086","109.408600","-0.989100","0.989100","0.16324063","0.11049724","0.05274339","0.05274339","0.07156153","0.05273011","0.01883142","0.01883142"
"Irma","Tampa","40","70","112.65","70 - Irma - Tampa","2017-09-11","2017","330.80000000000000000000","362","9.4317","5610.1317","5538.7900","-71.341700","-0.644929","0.6449","-1.2717","1.2717","4.7215","4.7215",5,"202","4.7945","4837.6969","234","21.6501","-16.855600","16.855600","0.043342","0.195717","-0.152375","0.152375","5066.1100","228.4131","228.413100","2.064900","2.064900","0.61064087","0.64640884","-0.03576797","0.03576797","0.86231432","0.91466006","-0.05234574","0.05234574"
"Maria","San Juan","20","70","112.65","70 - Maria - San Juan","2017-09-20","2017","78.40000000000000000000","75","-4.3367","549.5359","456.9350","-92.600900","-0.837112","0.8371","-16.8507","16.8507","159.7620","159.7620",1,"6","0.0273","0.7647","12","0.1655","-0.138200","0.138200","0.000247","0.001496","-0.001249","0.001249","1.9864","1.2217","1.221700","0.011000","0.011000","0.07653061","0.16000000","-0.08346939","0.08346939","0.00139154","0.00434723","-0.00295569","0.00295569"
"Maria","San Juan","20","70","112.65","70 - Maria - San Juan","2017-09-20","2017","78.40000000000000000000","75","-4.3367","549.5359","456.9350","-92.600900","-0.837112","0.8371","-16.8507","16.8507","5.1157","5.1157",2,"7","0.1296","4.4080","8","0.5792","-0.449600","0.449600","0.001172","0.005236","-0.004064","0.004064","4.6335","0.2255","0.225500","0.002000","0.002000","0.08928571","0.10666667","-0.01738095","0.01738095","0.00802131","0.01014039","-0.00211908","0.00211908"
"Maria","San Juan","20","70","112.65","70 - Maria - San Juan","2017-09-20","2017","78.40000000000000000000","75","-4.3367","549.5359","456.9350","-92.600900","-0.837112","0.8371","-16.8507","16.8507","-41.6390","41.6390",3,"20","0.6539","66.0429","17","2.2673","-1.613400","1.613400","0.005911","0.020496","-0.014585","0.014585","38.5433","-27.4996","27.499600","-0.248600","0.248600","0.25510204","0.22666667","0.02843537","0.02843537","0.12017941","0.08435182","0.03582759","0.03582759"
"Maria","San Juan","20","70","112.65","70 - Maria - San Juan","2017-09-20","2017","78.40000000000000000000","75","-4.3367","549.5359","456.9350","-92.600900","-0.837112","0.8371","-16.8507","16.8507","-41.9434","41.9434",4,"28","1.4373","202.6661","17","6.9212","-5.483900","5.483900","0.012993","0.062568","-0.049574","0.049574","117.6610","-85.0051","85.005100","-0.768400","0.768400","0.35714286","0.22666667","0.13047619","0.13047619","0.36879501","0.25750052","0.11129449","0.11129449"
"Maria","San Juan","20","70","112.65","70 - Maria - San Juan","2017-09-20","2017","78.40000000000000000000","75","-4.3367","549.5359","456.9350","-92.600900","-0.837112","0.8371","-16.8507","16.8507","6.6957","6.6957",5,"18","3.1324","275.6541","21","14.0053","-10.872900","10.872900","0.028317","0.126608","-0.098291","0.098291","294.1110","18.4569","18.456900","0.166900","0.166900","0.22959184","0.28000000","-0.05040816","0.05040816","0.50161254","0.64366048","-0.14204793","0.14204793"
"Kalmaegi","Calasiao","50","85","136.79","85 - Kalmaegi - Calasiao","2014-09-14","2014","451.40000000000000000000","255","-43.5091","1226.7397","718.3690","-508.370700","-4.595671","4.5957","-41.4408","41.4408","-48.8528","48.8528",1,"189","0.0285","26.9137","92","0.1496","-0.121100","0.121100","0.000258","0.001352","-0.001095","0.001095","13.7656","-13.1481","13.148100","-0.118900","0.118900","0.41869739","0.36078431","0.05791307","0.05791307","0.02193921","0.01916230","0.00277691","0.00277691"
"Kalmaegi","Calasiao","50","85","136.79","85 - Kalmaegi - Calasiao","2014-09-14","2014","451.40000000000000000000","255","-43.5091","1226.7397","718.3690","-508.370700","-4.595671","4.5957","-41.4408","41.4408","-29.1692","29.1692",2,"93","0.1356","62.9009","69","0.6457","-0.510100","0.510100","0.001226","0.005837","-0.004611","0.004611","44.5532","-18.3477","18.347700","-0.165900","0.165900","0.20602570","0.27058824","-0.06456254","0.06456254","0.05127485","0.06201994","-0.01074508","0.01074508"
"Kalmaegi","Calasiao","50","85","136.79","85 - Kalmaegi - Calasiao","2014-09-14","2014","451.40000000000000000000","255","-43.5091","1226.7397","718.3690","-508.370700","-4.595671","4.5957","-41.4408","41.4408","-36.1603","36.1603",3,"107","0.4249","227.7392","71","2.0477","-1.622800","1.622800","0.003841","0.018511","-0.014670","0.014670","145.3880","-82.3512","82.351200","-0.744500","0.744500","0.23704032","0.27843137","-0.04139105","0.04139105","0.18564590","0.20238624","-0.01674034","0.01674034"
"Kalmaegi","Calasiao","50","85","136.79","85 - Kalmaegi - Calasiao","2014-09-14","2014","451.40000000000000000000","255","-43.5091","1226.7397","718.3690","-508.370700","-4.595671","4.5957","-41.4408","41.4408","-77.1483","77.1483",4,"30","1.4242","210.7818","7","6.8810","-5.456800","5.456800","0.012875","0.062204","-0.049329","0.049329","48.1672","-162.6146","162.614600","-1.470000","1.470000","0.06645990","0.02745098","0.03900892","0.03900892","0.17182276","0.06705078","0.10477198","0.10477198"
"Kalmaegi","Calasiao","50","85","136.79","85 - Kalmaegi - Calasiao","2014-09-14","2014","451.40000000000000000000","255","-43.5091","1226.7397","718.3690","-508.370700","-4.595671","4.5957","-41.4408","41.4408","-43.3841","43.3841",5,"32","3.9423","634.7153","14","25.6678","-21.725500","21.725500","0.035638","0.232037","-0.196399","0.196399","359.3500","-275.3653","275.365300","-2.489300","2.489300","0.07089056","0.05490196","0.01598860","0.01598860","0.51740015","0.50023038","0.01716976","0.01716976"
"Kalmaegi","Calasiao","50","85","136.79","85 - Kalmaegi - Calasiao","2014-09-14","2014","451.40000000000000000000","255","-43.5091","1226.7397","718.3690","-508.370700","-4.595671","4.5957","-41.4408","41.4408","68.2339","68.2339",6,"1","12.7377","63.6887","2","53.5728","-40.835100","40.835100","0.115149","0.484298","-0.369149","0.369149","107.1460","43.4573","43.457300","0.392900","0.392900","0.00221533","0.00784314","-0.00562781","0.00562781","0.05191704","0.14915176","-0.09723471","0.09723471"
"Lan","Hamamatsu","50","90","144.84","90 - Lan - Hamamatsu","2017-10-23","2017","207.40000000000000000000","212","2.2179","2070.6410","2118.8300","48.189000","0.435629","0.4356","2.3273","2.3273","-34.9011","34.9011",1,"38","0.0313","6.0001","27","0.1447","-0.113400","0.113400","0.000283","0.001308","-0.001025","0.001025","3.9060","-2.0941","2.094100","-0.018900","0.018900","0.18322083","0.12735849","0.05586234","0.05586234","0.00289770","0.00184347","0.00105423","0.00105423"
"Lan","Hamamatsu","50","90","144.84","90 - Lan - Hamamatsu","2017-10-23","2017","207.40000000000000000000","212","2.2179","2070.6410","2118.8300","48.189000","0.435629","0.4356","2.3273","2.3273","31.4303","31.4303",2,"18","0.1328","11.6903","22","0.6984","-0.565600","0.565600","0.001201","0.006314","-0.005113","0.005113","15.3646","3.6743","3.674300","0.033200","0.033200","0.08678881","0.10377358","-0.01698477","0.01698477","0.00564574","0.00725145","-0.00160572","0.00160572"
"Lan","Hamamatsu","50","90","144.84","90 - Lan - Hamamatsu","2017-10-23","2017","207.40000000000000000000","212","2.2179","2070.6410","2118.8300","48.189000","0.435629","0.4356","2.3273","2.3273","15.4649","15.4649",3,"51","0.5554","140.5137","64","2.5351","-1.979700","1.979700","0.005021","0.022917","-0.017896","0.017896","162.2440","21.7303","21.730300","0.196400","0.196400","0.24590164","0.30188679","-0.05598515","0.05598515","0.06786000","0.07657245","-0.00871245","0.00871245"
"Lan","Hamamatsu","50","90","144.84","90 - Lan - Hamamatsu","2017-10-23","2017","207.40000000000000000000","212","2.2179","2070.6410","2118.8300","48.189000","0.435629","0.4356","2.3273","2.3273","-23.9932","23.9932",4,"36","1.4114","252.6392","26","7.3855","-5.974100","5.974100","0.012759","0.066765","-0.054006","0.054006","192.0230","-60.6162","60.616200","-0.548000","0.548000","0.17357763","0.12264151","0.05093612","0.05093612","0.12201014","0.09062690","0.03138324","0.03138324"
"Lan","Hamamatsu","50","90","144.84","90 - Lan - Hamamatsu","2017-10-23","2017","207.40000000000000000000","212","2.2179","2070.6410","2118.8300","48.189000","0.435629","0.4356","2.3273","2.3273","15.5613","15.5613",5,"60","4.5002","1354.5710","70","22.3622","-17.862000","17.862000","0.040682","0.202154","-0.161472","0.161472","1565.3600","210.7890","210.789000","1.905500","1.905500","0.28929605","0.33018868","-0.04089263","0.04089263","0.65417955","0.73878508","-0.08460553","0.08460553"
"Lan","Hamamatsu","50","90","144.84","90 - Lan - Hamamatsu","2017-10-23","2017","207.40000000000000000000","212","2.2179","2070.6410","2118.8300","48.189000","0.435629","0.4356","2.3273","2.3273","-41.0468","41.0468",6,"5","12.7178","305.2267","3","59.9802","-47.262400","47.262400","0.114969","0.542221","-0.427252","0.427252","179.9410","-125.2857","125.285700","-1.132600","1.132600","0.02410800","0.01415094","0.00995706","0.00995706","0.14740687","0.08492470","0.06248217","0.06248217"
"Phanfone","Hamamatsu","50","90","144.84","90 - Phanfone - Hamamatsu","2014-10-06","2014","1586.60000000000000000000","2430","53.1577","6832.0175","6353.9800","-478.037500","-4.321459","4.3215","-6.9970","6.9970","92.9782","92.9782",1,"531","0.0281","74.5939","1164","0.1237","-0.095600","0.095600","0.000254","0.001118","-0.000864","0.000864","143.9500","69.3561","69.356100","0.627000","0.627000","0.33467793","0.47901235","-0.14433442","0.14433442","0.01091828","0.02265509","-0.01173681","0.01173681"
"Phanfone","Hamamatsu","50","90","144.84","90 - Phanfone - Hamamatsu","2014-10-06","2014","1586.60000000000000000000","2430","53.1577","6832.0175","6353.9800","-478.037500","-4.321459","4.3215","-6.9970","6.9970","66.1838","66.1838",2,"219","0.1317","144.4840","372","0.6455","-0.513800","0.513800","0.001191","0.005835","-0.004645","0.004645","240.1090","95.6250","95.625000","0.864500","0.864500","0.13803101","0.15308642","-0.01505541","0.01505541","0.02114807","0.03778876","-0.01664068","0.01664068"
"Phanfone","Hamamatsu","50","90","144.84","90 - Phanfone - Hamamatsu","2014-10-06","2014","1586.60000000000000000000","2430","53.1577","6832.0175","6353.9800","-478.037500","-4.321459","4.3215","-6.9970","6.9970","17.8015","17.8015",3,"437","0.5142","1124.0688","559","2.3688","-1.854600","1.854600","0.004648","0.021414","-0.016766","0.016766","1324.1700","200.1012","200.101200","1.808900","1.808900","0.27543174","0.23004115","0.04539059","0.04539059","0.16452956","0.20840009","-0.04387053","0.04387053"
"Phanfone","Hamamatsu","50","90","144.84","90 - Phanfone - Hamamatsu","2014-10-06","2014","1586.60000000000000000000","2430","53.1577","6832.0175","6353.9800","-478.037500","-4.321459","4.3215","-6.9970","6.9970","-17.9193","17.9193",4,"199","1.4182","1413.9500","166","6.9915","-5.573300","5.573300","0.012821","0.063203","-0.050383","0.050383","1160.5800","-253.3700","253.370000","-2.290500","2.290500","0.12542544","0.06831276","0.05711268","0.05711268","0.20695936","0.18265402","0.02430534","0.02430534"
"Phanfone","Hamamatsu","50","90","144.84","90 - Phanfone - Hamamatsu","2014-10-06","2014","1586.60000000000000000000","2430","53.1577","6832.0175","6353.9800","-478.037500","-4.321459","4.3215","-6.9970","6.9970","-13.3611","13.3611",5,"195","3.8689","3764.4416","165","19.7665","-15.897600","15.897600","0.034975","0.178689","-0.143714","0.143714","3261.4700","-502.9716","502.971600","-4.546900","4.546900","0.12290432","0.06790123","0.05500309","0.05500309","0.55099999","0.51329560","0.03770439","0.03770439"
"Phanfone","Hamamatsu","50","90","144.84","90 - Phanfone - Hamamatsu","2014-10-06","2014","1586.60000000000000000000","2430","53.1577","6832.0175","6353.9800","-478.037500","-4.321459","4.3215","-6.9970","6.9970","-27.9475","27.9475",6,"5","12.9366","310.4792","4","55.9269","-42.990300","42.990300","0.116947","0.505579","-0.388632","0.388632","223.7080","-86.7712","86.771200","-0.784400","0.784400","0.00315139","0.00164609","0.00150530","0.00150530","0.04544473","0.03520754","0.01023719","0.01023719"
"Meranti","Taipei","50","95","152.89","95 - Meranti - Taipei","2016-09-14","2016","158.80000000000000000000","215","35.3904","1342.2127","1914.9100","572.697300","5.177184","5.1772","42.6681","42.6681","-1.8496","1.8496",1,"26","0.0349","4.5739","29","0.1548","-0.119900","0.119900","0.000315","0.001399","-0.001084","0.001084","4.4893","-0.0846","0.084600","-0.000800","0.000800","0.16372796","0.13488372","0.02884424","0.02884424","0.00340773","0.00234439","0.00106334","0.00106334"
"Meranti","Taipei","50","95","152.89","95 - Meranti - Taipei","2016-09-14","2016","158.80000000000000000000","215","35.3904","1342.2127","1914.9100","572.697300","5.177184","5.1772","42.6681","42.6681","38.8700","38.8700",2,"12","0.1293","7.6267","17","0.6230","-0.493700","0.493700","0.001169","0.005632","-0.004463","0.004463","10.5912","2.9645","2.964500","0.026800","0.026800","0.07556675","0.07906977","-0.00350302","0.00350302","0.00568218","0.00553091","0.00015127","0.00015127"
"Meranti","Taipei","50","95","152.89","95 - Meranti - Taipei","2016-09-14","2016","158.80000000000000000000","215","35.3904","1342.2127","1914.9100","572.697300","5.177184","5.1772","42.6681","42.6681","55.8360","55.8360",3,"48","0.5556","132.7832","75","2.7590","-2.203400","2.203400","0.005023","0.024941","-0.019919","0.019919","206.9240","74.1408","74.140800","0.670200","0.670200","0.30226700","0.34883721","-0.04657021","0.04657021","0.09892858","0.10805939","-0.00913080","0.00913080"
"Meranti","Taipei","50","95","152.89","95 - Meranti - Taipei","2016-09-14","2016","158.80000000000000000000","215","35.3904","1342.2127","1914.9100","572.697300","5.177184","5.1772","42.6681","42.6681","26.5568","26.5568",4,"32","1.4056","223.4909","41","6.8986","-5.493000","5.493000","0.012707","0.062363","-0.049657","0.049657","282.8430","59.3521","59.352100","0.536500","0.536500","0.20151134","0.19069767","0.01081366","0.01081366","0.16650930","0.14770564","0.01880367","0.01880367"
"Meranti","Taipei","50","95","152.89","95 - Meranti - Taipei","2016-09-14","2016","158.80000000000000000000","215","35.3904","1342.2127","1914.9100","572.697300","5.177184","5.1772","42.6681","42.6681","24.0311","24.0311",5,"41","4.6202","937.9099","49","23.7408","-19.120600","19.120600","0.041767","0.214617","-0.172850","0.172850","1163.3000","225.3901","225.390100","2.037500","2.037500","0.25818640","0.22790698","0.03027942","0.03027942","0.69877889","0.60749591","0.09128298","0.09128298"
"Meranti","Taipei","50","95","152.89","95 - Meranti - Taipei","2016-09-14","2016","158.80000000000000000000","215","35.3904","1342.2127","1914.9100","572.697300","5.177184","5.1772","42.6681","42.6681","588.7415","588.7415",6,"1","11.9427","35.8281","4","61.6907","-49.748000","49.748000","0.107962","0.557684","-0.449722","0.449722","246.7630","210.9349","210.934900","1.906900","1.906900","0.00629723","0.01860465","-0.01230742","0.01230742","0.02669331","0.12886402","-0.10217071","0.10217071"
"Harvey","Houston","42","100","160.93","100 - Harvey - Houston","2017-08-25","2017","1279.40000000000000000000","1321","3.2515","18403.7816","19214.2000","810.418400","7.326182","7.3262","4.4035","4.4035","6.8029","6.8029",1,"58","0.0344","10.0501","68","0.1579","-0.123500","0.123500","0.000311","0.001427","-0.001116","0.001116","10.7338","0.6837","0.683700","0.006200","0.006200","0.04533375","0.05147615","-0.00614240","0.00614240","0.00054609","0.00055864","-0.00001255","0.00001255"
"Harvey","Houston","42","100","160.93","100 - Harvey - Houston","2017-08-25","2017","1279.40000000000000000000","1321","3.2515","18403.7816","19214.2000","810.418400","7.326182","7.3262","4.4035","4.4035","6.8261","6.8261",2,"54","0.1398","37.4784","59","0.6786","-0.538800","0.538800","0.001264","0.006135","-0.004871","0.004871","40.0367","2.5583","2.558300","0.023100","0.023100","0.04220728","0.04466313","-0.00245585","0.00245585","0.00203645","0.00208370","-0.00004725","0.00004725"
"Harvey","Houston","42","100","160.93","100 - Harvey - Houston","2017-08-25","2017","1279.40000000000000000000","1321","3.2515","18403.7816","19214.2000","810.418400","7.326182","7.3262","4.4035","4.4035","7.9577","7.9577",3,"228","0.5618","639.8767","259","2.6672","-2.105400","2.105400","0.005079","0.024111","-0.019033","0.019033","690.7960","50.9193","50.919300","0.460300","0.460300","0.17820854","0.19606359","-0.01785505","0.01785505","0.03476876","0.03595237","-0.00118361","0.00118361"
"Harvey","Houston","42","100","160.93","100 - Harvey - Houston","2017-08-25","2017","1279.40000000000000000000","1321","3.2515","18403.7816","19214.2000","810.418400","7.326182","7.3262","4.4035","4.4035","-7.8837","7.8837",4,"279","1.4989","2089.4021","258","7.4600","-5.961100","5.961100","0.013550","0.067438","-0.053888","0.053888","1924.6800","-164.7221","164.722100","-1.489100","1.489100","0.21807097","0.19530659","0.02276438","0.02276438","0.11353113","0.10016967","0.01336146","0.01336146"
"Harvey","Houston","42","100","160.93","100 - Harvey - Houston","2017-08-25","2017","1279.40000000000000000000","1321","3.2515","18403.7816","19214.2000","810.418400","7.326182","7.3262","4.4035","4.4035","6.0547","6.0547",5,"647","4.5845","14826.2187","663","23.7162","-19.131700","19.131700","0.041444","0.214394","-0.172951","0.172951","15723.9000","897.6813","897.681300","8.115000","8.115000","0.50570580","0.50189251","0.00381329","0.00381329","0.80560719","0.81834789","-0.01274070","0.01274070"
"Harvey","Houston","42","100","160.93","100 - Harvey - Houston","2017-08-25","2017","1279.40000000000000000000","1321","3.2515","18403.7816","19214.2000","810.418400","7.326182","7.3262","4.4035","4.4035","2.9146","2.9146",6,"14","11.4394","800.7555","14","58.8638","-47.424400","47.424400","0.103412","0.532129","-0.428717","0.428717","824.0940","23.3385","23.338500","0.211000","0.211000","0.01094263","0.01059803","0.00034460","0.00034460","0.04351038","0.04288984","0.00062054","0.00062054"
"Matthew","Jacksonville","50","115","185.07","115 - Matthew - Jacksonville","2016-10-07","2016","222.80000000000000000000","262","17.5943","3618.7537","4863.5300","1244.776300","11.252778","11.2528","34.3979","34.3979","-22.8187","22.8187",1,"11","0.0264","1.4269","15","0.0734","-0.047000","0.047000","0.000239","0.000664","-0.000425","0.000425","1.1013","-0.3256","0.325600","-0.002900","0.002900","0.04937163","0.05725191","-0.00788027","0.00788027","0.00039431","0.00022644","0.00016787","0.00016787"
"Matthew","Jacksonville","50","115","185.07","115 - Matthew - Jacksonville","2016-10-07","2016","222.80000000000000000000","262","17.5943","3618.7537","4863.5300","1244.776300","11.252778","11.2528","34.3979","34.3979","28.1381","28.1381",2,"9","0.1276","5.7424","10","0.7358","-0.608200","0.608200","0.001154","0.006652","-0.005498","0.005498","7.3582","1.6158","1.615800","0.014600","0.014600","0.04039497","0.03816794","0.00222703","0.00222703","0.00158684","0.00151293","0.00007391","0.00007391"
"Matthew","Jacksonville","50","115","185.07","115 - Matthew - Jacksonville","2016-10-07","2016","222.80000000000000000000","262","17.5943","3618.7537","4863.5300","1244.776300","11.252778","11.2528","34.3979","34.3979","20.4851","20.4851",3,"31","0.5741","88.4109","34","3.1330","-2.558900","2.558900","0.005190","0.028322","-0.023132","0.023132","106.5220","18.1111","18.111100","0.163700","0.163700","0.13913824","0.12977099","0.00936725","0.00936725","0.02443131","0.02190220","0.00252911","0.00252911"
"Matthew","Jacksonville","50","115","185.07","115 - Matthew - Jacksonville","2016-10-07","2016","222.80000000000000000000","262","17.5943","3618.7537","4863.5300","1244.776300","11.252778","11.2528","34.3979","34.3979","-1.9859","1.9859",4,"33","1.5683","258.7618","34","7.4595","-5.891200","5.891200","0.014177","0.067434","-0.053256","0.053256","253.6230","-5.1388","5.138800","-0.046500","0.046500","0.14811490","0.12977099","0.01834391","0.01834391","0.07150578","0.05214793","0.01935785","0.01935785"
"Matthew","Jacksonville","50","115","185.07","115 - Matthew - Jacksonville","2016-10-07","2016","222.80000000000000000000","262","17.5943","3618.7537","4863.5300","1244.776300","11.252778","11.2528","34.3979","34.3979","24.8758","24.8758",5,"135","4.4676","3024.5414","157","24.0568","-19.589200","19.589200","0.040387","0.217473","-0.177086","0.177086","3776.9200","752.3786","752.378600","6.801500","6.801500","0.60592460","0.59923664","0.00668795","0.00668795","0.83579642","0.77657997","0.05921645","0.05921645"
"Matthew","Jacksonville","50","115","185.07","115 - Matthew - Jacksonville","2016-10-07","2016","222.80000000000000000000","262","17.5943","3618.7537","4863.5300","1244.776300","11.252778","11.2528","34.3979","34.3979","199.3350","199.3350",6,"4","12.6248","239.8704","12","59.8347","-47.209900","47.209900","0.114128","0.540906","-0.426777","0.426777","718.0160","478.1456","478.145600","4.322400","4.322400","0.01795332","0.04580153","-0.02784821","0.02784821","0.06628536","0.14763269","-0.08134732","0.08134732"
"Mangkhut","Hong Kong","36","135","217.26","135 - Mangkhut - Hong Kong","2018-09-16","2018","186.80000000000000000000","178","-4.7109","1364.4723","1412.3900","47.917700","0.433176","0.4332","3.5118","3.5118","-49.0425","49.0425",1,"27","0.0399","5.3892","21","0.1308","-0.090900","0.090900","0.000361","0.001182","-0.000822","0.000822","2.7462","-2.6430","2.643000","-0.023900","0.023900","0.14453961","0.11797753","0.02656209","0.02656209","0.00394966","0.00194436","0.00200529","0.00200529"
"Mangkhut","Hong Kong","36","135","217.26","135 - Mangkhut - Hong Kong","2018-09-16","2018","186.80000000000000000000","178","-4.7109","1364.4723","1412.3900","47.917700","0.433176","0.4332","3.5118","3.5118","29.3739","29.3739",2,"20","0.1349","13.2199","24","0.7126","-0.577700","0.577700","0.001219","0.006442","-0.005222","0.005222","17.1031","3.8832","3.883200","0.035100","0.035100","0.10706638","0.13483146","-0.02776508","0.02776508","0.00968865","0.01210933","-0.00242068","0.00242068"
"Mangkhut","Hong Kong","36","135","217.26","135 - Mangkhut - Hong Kong","2018-09-16","2018","186.80000000000000000000","178","-4.7109","1364.4723","1412.3900","47.917700","0.433176","0.4332","3.5118","3.5118","-8.4729","8.4729",3,"63","0.5368","170.1594","52","2.9950","-2.458200","2.458200","0.004853","0.027075","-0.022222","0.022222","155.7420","-14.4174","14.417400","-0.130300","0.130300","0.33725910","0.29213483","0.04512427","0.04512427","0.12470711","0.11026841","0.01443870","0.01443870"
"Mangkhut","Hong Kong","36","135","217.26","135 - Mangkhut - Hong Kong","2018-09-16","2018","186.80000000000000000000","178","-4.7109","1364.4723","1412.3900","47.917700","0.433176","0.4332","3.5118","3.5118","-10.3402","10.3402",4,"26","1.4558","186.3467","25","6.6831","-5.227300","5.227300","0.013160","0.060415","-0.047255","0.047255","167.0780","-19.2687","19.268700","-0.174200","0.174200","0.13918630","0.14044944","-0.00126314","0.00126314","0.13657053","0.11829452","0.01827600","0.01827600"
"Mangkhut","Hong Kong","36","135","217.26","135 - Mangkhut - Hong Kong","2018-09-16","2018","186.80000000000000000000","178","-4.7109","1364.4723","1412.3900","47.917700","0.433176","0.4332","3.5118","3.5118","8.1227","8.1227",5,"51","3.8647","989.3571","56","19.1021","-15.237400","15.237400","0.034937","0.172683","-0.137746","0.137746","1069.7200","80.3629","80.362900","0.726500","0.726500","0.27301927","0.31460674","-0.04158747","0.04158747","0.72508405","0.75738288","-0.03229883","0.03229883"
"Haiyan","Cebu City","20","140","225.31","140 - Haiyan - Cebu City","2013-11-08","2013","1003.00000000000000000000","655","-34.6959","2864.7469","1204.2800","-1660.466900","-15.010621","15.0106","-57.9621","57.9621","8.4016","8.4016",1,"279","0.0348","38.7546","239","0.1758","-0.141000","0.141000","0.000315","0.001589","-0.001275","0.001275","42.0106","3.2560","3.256000","0.029400","0.029400","0.27816550","0.36488550","-0.08671999","0.08671999","0.01352811","0.03488441","-0.02135631","0.02135631"
"Haiyan","Cebu City","20","140","225.31","140 - Haiyan - Cebu City","2013-11-08","2013","1003.00000000000000000000","655","-34.6959","2864.7469","1204.2800","-1660.466900","-15.010621","15.0106","-57.9621","57.9621","8.8229","8.8229",2,"125","0.1709","85.4361","141","0.6594","-0.488500","0.488500","0.001545","0.005961","-0.004416","0.004416","92.9740","7.5379","7.537900","0.068100","0.068100","0.12462612","0.21526718","-0.09064105","0.09064105","0.02982326","0.07720298","-0.04737971","0.04737971"
"Haiyan","Cebu City","20","140","225.31","140 - Haiyan - Cebu City","2013-11-08","2013","1003.00000000000000000000","655","-34.6959","2864.7469","1204.2800","-1660.466900","-15.010621","15.0106","-57.9621","57.9621","-53.8440","53.8440",3,"405","0.6284","1017.3730","208","2.2576","-1.629200","1.629200","0.005681","0.020409","-0.014728","0.014728","469.5790","-547.7940","547.794000","-4.952100","4.952100","0.40378863","0.31755725","0.08623138","0.08623138","0.35513539","0.38992510","-0.03478971","0.03478971"
"Haiyan","Cebu City","20","140","225.31","140 - Haiyan - Cebu City","2013-11-08","2013","1003.00000000000000000000","655","-34.6959","2864.7469","1204.2800","-1660.466900","-15.010621","15.0106","-57.9621","57.9621","-67.9269","67.9269",4,"138","1.7743","981.1824","45","6.9932","-5.218900","5.218900","0.016040","0.063219","-0.047179","0.047179","314.6960","-666.4864","666.486400","-6.025000","6.025000","0.13758724","0.06870229","0.06888495","0.06888495","0.34250230","0.26131464","0.08118765","0.08118765"
"Haiyan","Cebu City","20","140","225.31","140 - Haiyan - Cebu City","2013-11-08","2013","1003.00000000000000000000","655","-34.6959","2864.7469","1204.2800","-1660.466900","-15.010621","15.0106","-57.9621","57.9621","-61.5870","61.5870",5,"57","3.2832","742.0007","22","12.9557","-9.672500","9.672500","0.029680","0.117120","-0.087439","0.087439","285.0250","-456.9757","456.975700","-4.131100","4.131100","0.05682951","0.03358779","0.02324173","0.02324173","0.25901091","0.23667669","0.02233422","0.02233422"
"Haiyan","Tacloban","11","184","296.12","184 - Haiyan - Tacloban","2013-11-08","2013","79.50000000000000000000","5","-93.7107","153.1261","12.8848","-140.241300","-1.267781","1.2678","-91.5855","91.5855","-90.1645","90.1645",2,"17","0.1796","12.2099","2","0.6004","-0.420800","0.420800","0.001624","0.005428","-0.003804","0.003804","1.2009","-11.0090","11.009000","-0.099500","0.099500","0.21383648","0.40000000","-0.18616352","0.18616352","0.07973755","0.09320284","-0.01346529","0.01346529"
"Haiyan","Tacloban","11","184","296.12","184 - Haiyan - Tacloban","2013-11-08","2013","79.50000000000000000000","5","-93.7107","153.1261","12.8848","-140.241300","-1.267781","1.2678","-91.5855","91.5855","-93.6348","93.6348",3,"34","0.7297","99.9735","2","3.1818","-2.452100","2.452100","0.006596","0.028763","-0.022167","0.022167","6.3635","-93.6100","93.610000","-0.846200","0.846200","0.42767296","0.40000000","0.02767296","0.02767296","0.65288347","0.49387651","0.15900697","0.15900697"
"Haiyan","Tacloban","11","184","296.12","184 - Haiyan - Tacloban","2013-11-08","2013","79.50000000000000000000","5","-93.7107","153.1261","12.8848","-140.241300","-1.267781","1.2678","-91.5855","91.5855","-83.1055","83.1055",4,"5","1.6575","31.4919","1","5.3204","-3.662900","3.662900","0.014984","0.048096","-0.033113","0.033113","5.3204","-26.1715","26.171500","-0.236600","0.236600","0.06289308","0.20000000","-0.13710692","0.13710692","0.20565991","0.41292065","-0.20726074","0.20726074"
