S00700,"State and local general government",0.00000,0.00000,0.00000,0.00000,0.00000,0.00000,0.00000,0.00000,0.00000,0.00000,0.00000,0.00000,0.00000,0.00000,0.00000,0.00000,0.00000,0.00000,0.00000,0.00000,0.00000,0.00000,0.00000,0.00000
221100,"Electricity",0.00219,0.00030,0.00897,0.01154,0.00007,0.00120,0.00034,0.00042,0.00090,0.00110,0.00483,0.00107,0.00007,0.00303,0.00032,0.00125,0.00009,0.00031,0.00416,0.01550,0.00014,0.00061,0.00012,0.00280
324110,"Gasoline, fuels, and by-products of petroleum refining",0.00655,0.00085,0.17511,0.02134,0.00069,0.00268,0.00466,0.00136,0.00220,0.01637,0.00703,0.01423,0.00026,0.00531,0.00452,0.00343,0.00069,0.00085,0.07328,0.24785,0.00087,0.00190,0.00104,0.02743
31161A,"Packaged meat (except poultry)",0.00381,0.00080,0.12087,0.00283,0.00093,0.00198,0.00175,0.00116,0.00260,0.00775,0.00519,0.00698,0.00031,0.00622,0.02358,0.00164,0.00089,0.00080,0.04122,0.05624,0.00078,0.00165,0.00105,0.02164
314110,"Carpets and rugs",0.00130,0.00094,0.00041,0.00099,0.00092,0.00317,0.00173,0.00092,0.00352,0.00641,0.00085,0.00598,0.00026,0.00226,0.00030,0.00121,0.00087,0.00098,0.03184,0.01271,0.00039,0.00258,0.00082,0.00247
722211,"Limited-service restaurants",0.00014,0.00004,0.00291,0.00052,0.00001,0.00014,0.00009,0.00005,0.00034,0.00041,0.00142,0.00040,0.00001,0.00092,0.00001,0.00008,0.00001,0.00004,0.00083,0.00218,0.00002,0.00008,0.00002,0.00382
4A0000,"Other retail",0.00020,0.00002,0.00017,0.00018,0.00001,0.00012,0.00002,0.00002,0.00005,0.00003,0.00011,0.00004,0.00001,0.00019,0.00001,0.00005,0.00001,0.00002,0.00007,0.00019,0.00001,0.00004,0.00001,0.00012
233411,"Single-family residential structures",0.00018,0.00002,0.00010,0.00014,0.00000,0.00017,0.00001,0.00001,0.00005,0.00003,0.00013,0.00003,0.00000,0.00093,0.00001,0.00002,0.00000,0.00002,0.00004,0.00014,0.00001,0.00004,0.00001,0.00011
722110,"Full-service restaurants",0.00761,0.00077,0.00654,0.00690,0.00018,0.00138,0.00046,0.00047,0.00093,0.00100,0.00371,0.00099,0.00022,0.00225,0.00036,0.00082,0.00022,0.00080,0.00240,0.00767,0.00032,0.00093,0.00032,0.00156
233293,"Highways and streets",0.00620,0.00016,0.00126,0.00254,0.00009,0.00124,0.00016,0.00015,0.00042,0.00031,0.00160,0.00033,0.00008,0.00779,0.00010,0.00059,0.00010,0.00017,0.00048,0.00141,0.00011,0.00036,0.00026,0.00522
111200,"Fresh vegetables, melons, and potatoes",0.00000,0.00000,0.00000,0.00000,0.00000,0.00000,0.00000,0.00000,0.00000,0.00000,0.00000,0.00000,0.00000,0.00000,0.00000,0.00000,0.00000,0.00000,0.00000,0.00000,0.00000,0.00000,0.00000,0.00000
484000,"Truck transport",0.00017,0.00045,0.00008,0.00020,0.00013,0.00044,0.00023,0.00031,0.00037,0.00055,0.00012,0.00052,0.00012,0.00014,0.00023,0.00010,0.00016,0.00048,0.00010,0.00008,0.00011,0.00029,0.00042,0.00011
2334A0,"Other residential structures",0.00003,0.00001,0.00011,0.00006,0.00001,0.00002,0.00001,0.00001,0.00001,0.00002,0.00006,0.00002,0.00001,0.00005,0.00001,0.00001,0.00001,0.00001,0.00002,0.00008,0.00001,0.00001,0.00001,0.00002
622000,"Hospitals",0.00000,0.00000,0.00000,0.00000,0.00000,0.00000,0.00000,0.00000,0.00000,0.00000,0.00000,0.00000,0.00000,0.00000,0.00000,0.00000,0.00000,0.00000,0.00000,0.00000,0.00000,0.00000,0.00000,0.00000
445000,"Food and beverage stores",0.00000,0.00010,0.00000,0.00000,0.00000,0.00001,0.00000,0.00000,0.00000,0.00000,0.00001,0.00000,0.00000,0.00000,0.00000,0.00002,0.00000,0.00010,0.00000,0.00000,0.00000,0.00000,0.00000,0.00000
420000,"Wholesale trade",0.00000,0.00000,0.00000,0.00000,0.00000,0.00000,0.00000,0.00000,0.00000,0.00000,0.00000,0.00000,0.00000,0.00000,0.00000,0.00000,0.00000,0.00000,0.00000,0.00000,0.00000,0.00000,0.00000,0.00000
S00500,"Federal general government (defense)",0.00000,0.00000,0.00000,0.00000,0.00000,0.00000,0.00000,0.00000,0.00000,0.00000,0.00000,0.00000,0.00000,0.00000,0.00000,0.00000,0.00000,0.00000,0.00000,0.00000,0.00000,0.00000,0.00000,0.00000
111300,"Fresh fruits and tree nuts",0.00000,0.00000,0.00000,0.00000,0.00000,0.00000,0.00000,0.00000,0.00000,0.00000,0.00000,0.00000,0.00000,0.00000,0.00000,0.00000,0.00000,0.00000,0.00000,0.00000,0.00000,0.00000,0.00000,0.00000
233240,"Power and communication structures",0.00002,0.00002,0.00000,0.00004,0.00000,0.00004,0.00001,0.00001,0.00001,0.00001,0.00008,0.00001,0.00000,0.00000,0.00001,0.00047,0.00000,0.00002,0.00000,0.00000,0.00001,0.00002,0.00001,0.00002
541700,"Scientific research and development",0.00001,0.00009,0.00000,0.00001,0.00000,0.00001,0.00002,0.00001,0.00004,0.00005,0.00000,0.00005,0.00000,0.00000,0.00000,0.00001,0.00000,0.00010,0.00000,0.00000,0.00000,0.00003,0.00001,0.00000
336111,"Automobiles",0.00012,0.00030,0.00003,0.00013,0.00026,0.00026,0.00013,0.00020,0.00017,0.00097,0.00021,0.00085,0.00007,0.00005,0.00012,0.00821,0.00025,0.00032,0.00007,0.00002,0.00009,0.00017,0.00024,0.00098
5310HS,"Housing",0.15654,0.09571,0.00111,0.02124,0.00375,0.24159,0.04969,0.00684,0.02823,0.02857,0.06314,0.02852,0.00281,0.00265,0.03988,0.01273,0.00413,0.08880,0.00791,0.00068,0.19066,0.07061,0.01034,0.12038
2332B0,"Other nonresidential structures",0.01156,0.02241,0.00021,0.00338,0.00095,0.01589,0.00811,0.00139,0.01772,0.01231,0.00468,0.01312,0.00086,0.00117,0.00307,0.00243,0.00120,0.02325,0.00095,0.00015,0.01087,0.01171,0.00361,0.00702
311615,"Packaged poultry",0.00241,0.00338,0.00029,0.07640,0.00089,0.00516,0.00279,0.00227,0.00311,0.00533,0.00275,0.00500,0.00114,0.00101,0.00909,0.00631,0.00130,0.00346,0.00085,0.00026,0.00222,0.00292,0.00251,0.00184
611A00,"Colleges, universities, junior colleges, and professional schools",0.00000,0.00000,0.00000,0.00000,0.00000,0.00000,0.00000,0.00000,0.00000,0.00000,0.00000,0.00000,0.00000,0.00000,0.00000,0.00000,0.00000,0.00000,0.00000,0.00000,0.00000,0.00000,0.00000,0.00000
311410,"Frozen food",0.00000,0.00000,0.00000,0.00000,0.00000,0.00000,0.00000,0.00000,0.00000,0.00000,0.00000,0.00000,0.00000,0.00000,0.00000,0.00000,0.00000,0.00000,0.00000,0.00000,0.00000,0.00000,0.00000,0.00000
2332A0,"Commercial structures, including farm structures",0.00249,0.00220,0.00061,0.00232,0.00060,-0.00040,0.00295,0.00302,0.00465,0.00335,0.00638,0.00354,0.00112,0.00538,0.00328,0.00336,0.00118,0.00220,0.00161,0.00052,0.00231,0.00414,0.00262,0.00150
336112,"Pickup trucks, vans, and SUVs",0.00233,0.00235,0.00050,0.00256,0.00049,0.00193,0.00485,0.00333,0.00397,0.00254,0.00562,0.00275,0.00099,0.00202,0.00598,0.00307,0.00111,0.00238,0.00410,0.00045,0.00198,0.00384,0.00267,0.00145
452000,"General merchandise stores",0.00863,0.00940,0.00091,0.00525,0.00133,0.00970,0.00623,0.00571,0.00936,0.00724,0.01626,0.00756,0.00236,0.00388,0.00573,0.12490,0.00218,0.00952,0.00219,0.00078,0.00773,0.00971,0.00601,0.00608
722A00,"All other food and drinking places",0.00770,0.00674,0.00175,0.00718,0.00220,-0.00423,0.00904,0.00994,0.01341,0.01069,0.01822,0.01109,0.00384,0.02072,0.01056,0.01567,0.00389,0.00671,0.00372,0.00156,0.00719,0.01255,0.00727,0.00446
311910,"Snack foods",0.00886,0.00838,0.00077,0.00662,0.00141,0.01341,0.00891,0.00770,0.01794,0.00933,0.10230,0.01062,0.00316,0.00185,0.00687,0.16242,0.00254,0.00873,0.00169,0.00069,0.00355,0.01628,0.00633,0.00342
233262,"Educational and vocational structures",0.00995,0.00741,0.00153,0.00850,0.00300,0.00458,0.01103,0.00992,0.02100,0.01168,0.02300,0.01307,0.00521,0.01246,0.00996,0.01029,0.00488,0.00748,0.00620,0.00137,0.00635,0.01774,0.00993,0.00439
325412,"Pharmaceutical products (pills, powders, solutions, etc.)",0.00927,0.00831,0.00154,0.00819,0.00260,0.00395,0.01037,0.00934,0.01939,0.01168,0.02342,0.01283,0.00630,0.01335,0.00973,0.02570,0.00419,0.00844,0.00395,0.00136,0.00654,0.01647,0.01032,0.00406
311810,"Bread and other baked goods",0.02273,0.01350,0.00380,0.01585,0.00586,0.00093,0.02570,0.01704,0.05461,0.02824,0.02451,0.03217,0.01232,0.03453,0.01434,0.12824,0.00942,0.01353,0.01980,0.00331,0.01321,0.04290,0.01750,0.01005
311300,"Sugar, candy, and chocolate",0.00437,0.00263,0.00055,0.00304,0.00119,0.00178,0.00448,0.00375,0.00834,0.00456,0.00432,0.00513,0.00182,0.00510,0.00314,0.00837,0.00191,0.00265,0.00151,0.00049,0.00238,0.00766,0.00342,0.00162
221300,"Drinking water and wastewater treatment",0.01442,0.01233,0.00510,0.01208,0.00517,0.00623,0.01704,0.01751,0.02558,0.01768,0.01715,0.01886,0.00694,0.02141,0.01441,0.12881,0.00825,0.01243,0.00907,0.00434,0.01096,0.02371,0.01098,0.01098
531ORE,"Other real estate",0.00433,0.00146,0.01177,0.01053,0.00076,0.00340,0.00276,0.00208,0.00208,0.00229,0.00550,0.00226,0.00050,0.00955,0.00214,0.00144,0.00071,0.00139,0.00454,0.01349,0.00232,0.00219,0.00107,0.00422
221200,"Natural gas",0.00129,0.00029,0.00701,0.00574,0.00014,0.00084,0.00037,0.00046,0.00065,0.00086,0.00276,0.00083,0.00015,0.00181,0.00036,0.00071,0.00015,0.00030,0.00255,0.00825,0.00022,0.00065,0.00019,0.00149
311420,"Fruit and vegetable preservation",0.00257,0.00052,0.00964,0.01165,0.00018,0.00157,0.00061,0.00063,0.00119,0.00142,0.00495,0.00138,0.00017,0.00317,0.00056,0.00131,0.00019,0.00053,0.00474,0.01589,0.00043,0.00117,0.00025,0.00299
315000,"Clothing",0.00039,0.00014,0.00140,0.00155,0.00003,0.00035,0.00014,0.00018,0.00019,0.00025,0.00070,0.00025,0.00002,0.00040,0.00017,0.00018,0.00003,0.00014,0.00062,0.00208,0.00009,0.00020,0.00004,0.00040
621100,"Physicians",0.00114,0.00043,0.02708,0.00620,0.00017,0.00104,0.00109,0.00049,0.00084,0.00194,0.00562,0.00178,0.00023,0.00171,0.00026,0.00057,0.00020,0.00043,0.00560,0.01324,0.00043,0.00097,0.00032,0.00144
31151A,"Fluid milk and butter",0.00026,0.00009,0.00867,0.00168,0.00003,0.00023,0.00030,0.00010,0.00020,0.00055,0.00172,0.00050,0.00004,0.00036,0.00005,0.00015,0.00004,0.00009,0.00171,0.00398,0.00006,0.00023,0.00007,0.00028
311990,"All other foods",0.00140,0.00071,0.01021,0.00492,0.00044,0.00109,0.00081,0.00067,0.00091,0.00136,0.00334,0.00129,0.00023,0.00191,0.00061,0.00062,0.00035,0.00062,0.00321,0.00850,0.00195,0.00101,0.00057,0.00232
3118A0,"Cookies, crackers, pastas, and tortillas",0.00427,0.00224,0.02573,0.00677,0.00165,0.00316,0.00281,0.00352,0.00457,0.00503,0.01500,0.00496,0.00074,0.00851,0.00316,0.00128,0.00121,0.00208,0.00950,0.01868,0.00444,0.00371,0.00153,0.02686
312200,"Tobacco products",0.00803,0.00216,0.03760,0.02230,0.00212,0.00509,0.00246,0.00213,0.00355,0.00552,0.01016,0.00522,0.00102,0.01052,0.00279,0.00290,0.00151,0.00204,0.01599,0.04956,0.00389,0.00364,0.00150,0.01026
623A00,"Nursing and community care facilities",0.00483,0.00260,0.02796,0.00762,0.00220,0.00436,0.00426,0.00333,0.00313,0.00457,0.00517,0.00435,0.00102,0.00746,0.00625,0.00159,0.00168,0.00246,0.01182,0.02462,0.00462,0.00335,0.00181,0.00940
611100,"Elementary and secondary schools",0.00854,0.00100,0.00712,0.00754,0.00071,0.00553,0.00109,0.00104,0.00248,0.00203,0.00479,0.00210,0.00055,0.00772,0.00063,0.00188,0.00066,0.00098,0.00289,0.00798,0.00123,0.00225,0.00079,0.00559
721000,"Hotels and campgrounds",0.00399,0.00065,0.00412,0.00380,0.00035,0.00267,0.00072,0.00071,0.00126,0.00111,0.00247,0.00113,0.00029,0.00368,0.00045,0.00091,0.00034,0.00062,0.00159,0.00420,0.00098,0.00119,0.00043,0.00268
713900,"Golf courses, marinas, ski resorts, fitness and other rec centers and industries",0.01309,0.00169,0.01102,0.01177,0.00126,0.00854,0.00184,0.00206,0.00387,0.00326,0.00738,0.00335,0.00084,0.01183,0.00110,0.00291,0.00112,0.00164,0.00460,0.01248,0.00231,0.00355,0.00134,0.00851
316000,"Leather",0.00096,0.00025,0.00142,0.00100,0.00026,0.00060,0.00024,0.00031,0.00037,0.00039,0.00066,0.00038,0.00010,0.00090,0.00026,0.00023,0.00018,0.00022,0.00059,0.00128,0.00063,0.00037,0.00020,0.00086
541511,"Custom computer programming",0.02669,0.00369,0.02128,0.02437,0.00351,0.00694,0.00286,0.00295,0.00514,0.00515,0.01298,0.00515,0.00131,0.01293,0.00179,0.00303,0.00234,0.00365,0.00821,0.02495,0.00419,0.00531,0.00210,0.00717
312110,"Soft drinks, bottled water, and ice",0.06234,0.00575,0.02854,0.04385,0.00440,0.04365,0.00579,0.00427,0.01574,0.01122,0.02830,0.01190,0.00247,0.23574,0.00260,0.00688,0.00341,0.00583,0.01249,0.03628,0.00474,0.01402,0.00444,0.04304
562000,"Waste management and remediation",0.00110,0.00036,0.00043,0.00410,0.00043,0.00062,0.00027,0.00025,0.00043,0.00043,0.00039,0.00043,0.00014,0.00113,0.00019,0.00016,0.00028,0.00036,0.00022,0.00039,0.00040,0.00049,0.00034,0.00095
481000,"Air transport",0.00640,0.00288,0.02261,0.01775,0.01070,0.00499,0.00269,0.00314,0.00359,0.00446,0.00944,0.00433,0.00234,0.00693,0.00248,0.00248,0.00714,0.00265,0.00950,0.02584,0.00610,0.00409,0.00286,0.00857
311111,"Dog and cat food",0.00484,0.00177,0.01798,0.01485,0.00188,0.00310,0.00177,0.00200,0.00257,0.00318,0.00783,0.00309,0.00073,0.00566,0.00164,0.00192,0.00126,0.00161,0.00752,0.02156,0.00396,0.00278,0.00135,0.00656
337122,"Home furniture - wood, nonupholstered",0.00330,0.00195,0.03547,0.00908,0.00125,0.00294,0.00234,0.00326,0.00375,0.00511,0.01196,0.00491,0.00081,0.00764,0.00247,0.00145,0.00104,0.00183,0.01250,0.02573,0.00361,0.00271,0.00162,0.02289
713200,"Gambling establishments (except casino hotels)",0.00070,0.00034,0.01179,0.00081,0.00036,0.00058,0.00054,0.00055,0.00082,0.00128,0.00173,0.00122,0.00017,0.00136,0.00218,0.00028,0.00030,0.00032,0.00432,0.00622,0.00056,0.00055,0.00032,0.00507
312120,"Breweries and beer",0.00003,0.00002,0.00010,0.00007,0.00001,0.00000,0.00002,0.00005,0.00002,0.00002,0.00004,0.00002,0.00001,0.00005,0.00003,0.00001,0.00001,0.00001,0.00005,0.00011,0.00002,0.00002,0.00002,0.00004
311513,"Cheese",0.00226,0.00084,0.01477,0.00415,0.00065,0.00143,0.00128,0.00159,0.00182,0.00231,0.00563,0.00223,0.00033,0.00470,0.00111,0.00071,0.00054,0.00079,0.00504,0.01089,0.00160,0.00136,0.00066,0.01096
811100,"Vehicle repair",0.00469,0.00134,0.02878,0.00887,0.00144,0.00244,0.00181,0.00187,0.00231,0.00385,0.00534,0.00362,0.00057,0.00525,0.00335,0.00143,0.00104,0.00123,0.01227,0.02828,0.00293,0.00219,0.00103,0.00783
311940,"Seasonings and dressings",0.00449,0.00347,0.00749,0.00823,0.00272,0.00403,0.00371,0.00849,0.00319,0.00376,0.00470,0.00368,0.00137,0.00473,0.01080,0.00160,0.00222,0.00328,0.00454,0.00891,0.00609,0.00381,0.00269,0.00528
111400,"Greenhouse crops, mushrooms, nurseries, and flowers",0.00399,0.00234,0.00883,0.01123,0.00098,0.00327,0.00398,0.00306,0.00264,0.00273,0.00597,0.00272,0.00069,0.00383,0.00390,0.00182,0.00103,0.00221,0.00472,0.01372,0.00416,0.00335,0.00178,0.00563
311225,"Refined vegetable, olive, and seed oils",0.00105,0.00074,0.01206,0.00118,0.00109,0.00095,0.00079,0.00107,0.00090,0.00142,0.00102,0.00134,0.00042,0.00095,0.00335,0.00047,0.00084,0.00072,0.00447,0.00570,0.00104,0.00115,0.00090,0.00287
233412,"Multifamily residential structures",0.00069,0.00062,0.00095,0.00129,0.00019,0.00057,0.00043,0.00350,0.00056,0.00091,0.00074,0.00086,0.00015,0.00050,0.00047,0.00026,0.00021,0.00063,0.00092,0.00121,0.00049,0.00090,0.00053,0.00056
322120,"Paper",0.00207,0.00183,0.01324,0.00361,0.00068,0.00152,0.00240,0.00294,0.00336,0.00389,0.00907,0.00381,0.00080,0.00675,0.00138,0.00084,0.00081,0.00156,0.00962,0.01095,0.00556,0.00209,0.00435,0.02372
337121,"Home furniture - upholstered",0.00002,0.00002,0.00015,0.00004,0.00000,0.00003,0.00002,0.00006,0.00004,0.00005,0.00010,0.00004,0.00000,0.00007,0.00001,0.00001,0.00001,0.00002,0.00021,0.00013,0.00003,0.00002,0.00001,0.00027
325180,"Other basic inorganic chemicals",0.00021,0.00020,0.00048,0.00025,0.00004,0.00025,0.00020,0.00070,0.00023,0.00028,0.00037,0.00027,0.00005,0.00028,0.00010,0.00006,0.00010,0.00019,0.00113,0.00041,0.00034,0.00020,0.00011,0.00088
311210,"Flours and malts",0.00004,0.00005,0.00007,0.00006,0.00001,0.00006,0.00007,0.00019,0.00005,0.00006,0.00007,0.00006,0.00001,0.00004,0.00004,0.00001,0.00003,0.00005,0.00017,0.00006,0.00007,0.00005,0.00003,0.00014
813100,"Religious organizations",0.01292,0.01423,0.03139,0.01688,0.00218,0.01852,0.01517,0.05812,0.01664,0.02263,0.02482,0.02174,0.00304,0.01649,0.00825,0.00382,0.00656,0.01386,0.13643,0.02725,0.01931,0.01500,0.00711,0.05683
524100,"Insurance carriers",0.00103,0.00110,0.00204,0.00129,0.00028,0.00117,0.00131,0.00343,0.00125,0.00155,0.00170,0.00151,0.00036,0.00148,0.00072,0.00035,0.00099,0.00104,0.00698,0.00176,0.00193,0.00115,0.00094,0.00386
1111B0,"Fresh wheat, corn, rice, and other grains",0.00040,0.00039,0.00052,0.00058,0.00010,0.00038,0.00071,0.00126,0.00041,0.00049,0.00048,0.00048,0.00012,0.00054,0.00031,0.00013,0.00034,0.00037,0.00197,0.00046,0.00059,0.00041,0.00030,0.00101
624400,"Child day care",0.00429,0.00419,0.00636,0.00507,0.00230,0.00337,0.00460,0.01018,0.00498,0.00540,0.00580,0.00533,0.00389,0.00762,0.00319,0.00158,0.00723,0.00399,0.01365,0.00555,0.00692,0.00483,0.00592,0.01303
517110,"Telecommunications",0.00646,0.00202,0.00336,0.00553,0.00113,0.00422,0.00244,0.00546,0.00293,0.00283,0.00361,0.00285,0.00139,0.02161,0.00172,0.00112,0.00246,0.00194,0.00406,0.00390,0.00309,0.00298,0.00218,0.00581
326210,"Rubber tires",0.00000,0.00000,0.00000,0.00000,0.00000,0.00000,0.00000,0.00000,0.00000,0.00000,0.00000,0.00000,0.00000,0.00000,0.00000,0.00000,0.00000,0.00000,0.00000,0.00000,0.00000,0.00000,0.00000,0.00000
S00600,"Federal general government (nondefense)",0.00000,0.00000,0.00000,0.00000,0.00000,0.00000,0.00000,0.00000,0.00000,0.00000,0.00000,0.00000,0.00000,0.00000,0.00000,0.00000,0.00000,0.00000,0.00000,0.00000,0.00000,0.00000,0.00000,0.00000
233210,"Health care structures",0.00000,0.00000,0.00000,0.00000,0.00000,0.00000,0.00000,0.00000,0.00000,0.00000,0.00000,0.00000,0.00000,0.00000,0.00000,0.00000,0.00000,0.00000,0.00000,0.00000,0.00000,0.00000,0.00000,0.00000
233230,"Manufacturing structures",0.00070,0.00074,0.00050,0.00081,0.00027,-0.00770,0.00131,0.00116,0.00153,0.00295,0.00103,0.00274,0.00032,0.01148,0.00167,0.00044,0.00084,0.00063,0.00146,0.00041,0.00230,0.00106,0.00070,0.00098
112300,"Poultry farms",0.00000,0.00000,0.00000,0.00000,0.00000,0.00000,0.00000,0.00000,0.00000,0.00000,0.00000,0.00000,0.00000,0.00000,0.00000,0.00000,0.00000,0.00000,0.00000,0.00000,0.00000,0.00000,0.00000,0.00000
337215,"Shelving and lockers",0.00458,0.00582,0.00093,0.00453,0.00028,-0.00425,0.00690,0.00504,0.00289,0.00571,0.00327,0.00529,0.00038,0.01222,0.00327,0.00093,0.00059,0.00225,0.00284,0.00094,0.05490,0.00399,0.00096,0.00318
325610,"Soap and cleaning compounds",0.00000,0.00000,0.00000,0.00000,0.00000,0.00000,0.00000,0.00000,0.00000,0.00000,0.00000,0.00000,0.00000,0.00000,0.00000,0.00000,0.00000,0.00000,0.00000,0.00000,0.00000,0.00000,0.00000,0.00000
337900,"Mattresses, blinds and shades",0.00010,0.00016,0.00002,0.00011,0.00001,-0.00012,0.00017,0.00012,0.00009,0.00016,0.00007,0.00015,0.00002,0.00031,0.00009,0.00003,0.00003,0.00007,0.00006,0.00002,0.00131,0.00011,0.00004,0.00014
52A000,"Monetary authorities and depository credit intermediation",0.00017,0.00025,0.00005,0.00018,0.00003,-0.00003,0.00036,0.00050,0.00017,0.00025,0.00013,0.00024,0.00004,0.00034,0.00022,0.00005,0.00007,0.00015,0.00017,0.00005,0.00158,0.00020,0.00009,0.00029
523900,"Investment advice, portfolio management, and other financial advising services",0.00010,0.00014,0.00002,0.00011,0.00002,-0.00011,0.00017,0.00015,0.00009,0.00016,0.00007,0.00015,0.00003,0.00029,0.00009,0.00003,0.00004,0.00007,0.00008,0.00002,0.00114,0.00011,0.00006,0.00019
485000,"Passenger ground transport",0.00131,0.00174,0.00033,0.00119,0.00011,-0.00102,0.00201,0.00169,0.00091,0.00172,0.00097,0.00160,0.00015,0.00313,0.00098,0.00028,0.00026,0.00071,0.00100,0.00032,0.01597,0.00125,0.00041,0.00141
525000,"Funds, trusts, and financial vehicles",0.00012,0.00019,0.00003,0.00011,0.00002,-0.00009,0.00021,0.00019,0.00012,0.00020,0.00010,0.00018,0.00002,0.00028,0.00012,0.00003,0.00005,0.00009,0.00014,0.00003,0.00163,0.00014,0.00006,0.00019
624100,"Individual and family services",0.00017,0.00022,0.00009,0.00020,0.00007,0.00013,0.00028,0.00044,0.00016,0.00021,0.00013,0.00020,0.00009,0.00023,0.00014,0.00006,0.00017,0.00017,0.00014,0.00011,0.00091,0.00020,0.00016,0.00017
441000,"Vehicles and parts sales",0.00000,0.00000,0.00000,0.00000,0.00000,0.00000,0.00000,0.00000,0.00000,0.00000,0.00000,0.00000,0.00000,0.00000,0.00000,0.00000,0.00000,0.00000,0.00000,0.00000,0.00000,0.00000,0.00000,0.00000
311230,"Breakfast cereals",0.03914,0.24945,0.00198,0.02965,0.00251,0.05541,0.06920,0.06574,0.12974,0.14821,0.01390,0.14546,0.00408,0.01256,0.01026,0.01668,0.00350,0.26715,0.00548,0.00155,0.00615,0.09802,0.02251,0.04748
621400,"Outpatient healthcare",0.00000,0.00000,0.00000,0.00000,0.00000,0.00000,0.00000,0.00000,0.00000,0.00000,0.00000,0.00000,0.00000,0.00000,0.00000,0.00000,0.00000,0.00000,0.00000,0.00000,0.00000,0.00000,0.00000,0.00000
621200,"Dentists",0.00000,0.00000,0.00000,0.00000,0.00000,0.00000,0.00000,0.00000,0.00000,0.00000,0.00000,0.00000,0.00000,0.00000,0.00000,0.00000,0.00000,0.00000,0.00000,0.00000,0.00000,0.00000,0.00000,0.00000
325620,"Toiletries",0.00170,0.00384,0.00050,0.00083,0.00008,0.00130,0.00138,0.00235,0.00204,0.00225,0.00092,0.00222,0.00012,0.00035,0.00109,0.00037,0.00014,0.00410,0.00040,0.00032,0.00031,0.00184,0.00061,0.00097
312130,"Wineries and wine",0.00000,0.00000,0.00000,0.00000,0.00000,0.00000,0.00000,0.00000,0.00000,0.00000,0.00000,0.00000,0.00000,0.00000,0.00000,0.00000,0.00000,0.00000,0.00000,0.00000,0.00000,0.00000,0.00000,0.00000
812900,"Pet care, photofinishing, parking and other sundry services",0.00001,0.00002,0.00001,0.00002,0.00000,0.00004,0.00001,0.00004,0.00001,0.00001,0.00001,0.00001,0.00000,0.00000,0.00001,0.00000,0.00000,0.00002,0.00028,0.00001,0.00002,0.00001,0.00001,0.00002
311514,"Dry, condensed, and evaporated dairy",0.00000,0.00000,0.00000,0.00000,0.00000,0.00000,0.00000,0.00000,0.00000,0.00000,0.00000,0.00000,0.00000,0.00000,0.00000,0.00000,0.00000,0.00000,0.00000,0.00000,0.00000,0.00000,0.00000,0.00000
311920,"Coffee and tea",0.00167,0.00117,0.00021,0.00288,0.00010,0.00193,0.00078,0.02976,0.00092,0.00120,0.00109,0.00116,0.00013,0.00018,0.00149,0.00124,0.00019,0.00119,0.00342,0.00021,0.00086,0.00128,0.00044,0.00073
812100,"Salons and barber shops",0.00029,0.00046,0.00057,0.00066,0.00003,0.00041,0.00027,0.00438,0.00035,0.00047,0.00035,0.00045,0.00004,0.00023,0.00013,0.00011,0.00005,0.00048,0.00082,0.00063,0.00016,0.00037,0.00011,0.00031
541100,"Legal services",0.00000,0.00000,0.00000,0.00000,0.00000,0.00000,0.00000,0.00000,0.00000,0.00000,0.00000,0.00000,0.00000,0.00000,0.00000,0.00000,0.00000,0.00000,0.00000,0.00000,0.00000,0.00000,0.00000,0.00000
333112,"Lawn and garden equipment",0.00000,0.00000,0.00000,0.00000,0.00000,0.00000,0.00000,0.00000,0.00000,0.00000,0.00000,0.00000,0.00000,0.00000,0.00000,0.00000,0.00000,0.00000,0.00000,0.00000,0.00000,0.00000,0.00000,0.00000
314120,"Curtains and linens",0.00011,0.00007,0.00001,0.00008,0.00001,0.00021,0.00004,0.00011,0.00006,0.00006,0.00005,0.00006,0.00001,0.00001,0.00003,0.00007,0.00001,0.00008,0.00002,0.00001,0.00004,0.00008,0.00002,0.00003
339990,"Gaskets, seals, musical instruments, fasteners, brooms, brushes, mop and other misc. goods",0.00033,0.00035,0.00048,0.00059,0.00005,0.00021,0.00037,0.00413,0.00038,0.00040,0.00028,0.00039,0.00007,0.00041,0.00026,0.00010,0.00009,0.00036,0.00091,0.00048,0.00027,0.00037,0.00026,0.00028
112A00,"Animal farms and aquaculture ponds (except cattle and poultry)",0.00000,0.00000,0.00000,0.00000,0.00000,0.00000,0.00000,0.00000,0.00000,0.00000,0.00000,0.00000,0.00000,0.00000,0.00000,0.00000,0.00000,0.00000,0.00000,0.00000,0.00000,0.00000,0.00000,0.00000
624A00,"Community food, housing, and other relief services, including rehabilitation services",0.00611,0.00557,0.00548,0.00907,0.00271,0.00800,0.00439,0.03222,0.00486,0.00559,0.00471,0.00548,0.00515,0.00644,0.00287,0.00224,0.00615,0.00540,0.00659,0.00525,0.00793,0.00604,0.01577,0.01444
311119,"Other animal food",0.00000,0.00000,0.00000,0.00000,0.00000,0.00000,0.00000,0.00000,0.00000,0.00000,0.00000,0.00000,0.00000,0.00000,0.00000,0.00000,0.00000,0.00000,0.00000,0.00000,0.00000,0.00000,0.00000,0.00000
339930,"Dolls, toys, and games",0.00000,0.00000,0.00000,0.00000,0.00000,0.00000,0.00000,0.00000,0.00000,0.00000,0.00000,0.00000,0.00000,0.00000,0.00000,0.00000,0.00000,0.00000,0.00000,0.00000,0.00000,0.00000,0.00000,0.00000
621600,"Home healthcare",0.00004,0.00005,0.00005,0.00005,0.00001,0.00005,0.00143,0.00049,0.00006,0.00008,0.00004,0.00007,0.00001,0.00003,0.00006,0.00004,0.00002,0.00006,0.00013,0.00004,0.00003,0.00013,0.00003,0.00003
333111,"Farm machinery and equipment",0.00011,0.00019,0.00008,0.00016,0.00002,0.00020,0.00015,0.00076,0.00016,0.00017,0.00009,0.00017,0.00003,0.00009,0.00009,0.00009,0.00005,0.00020,0.00028,0.00008,0.00017,0.00016,0.00008,0.00012
339910,"Jewelry and silverware",0.00179,0.00218,0.00159,0.00237,0.00038,0.00294,0.00195,0.01249,0.00176,0.00220,0.00153,0.00213,0.00060,0.00116,0.00154,0.00069,0.00086,0.00211,0.00238,0.00128,0.00309,0.00230,0.00204,0.00163
621300,"Healthcare practitioners (except physicians and dentists)",0.00149,0.00179,0.00320,0.00230,0.00050,0.00195,0.00194,0.00777,0.00153,0.00212,0.00154,0.00203,0.00080,0.00160,0.00137,0.00068,0.00115,0.00168,0.00207,0.00202,0.00335,0.00183,0.00246,0.00198
611B00,"Other educational services",0.00000,0.00000,0.00000,0.00000,0.00000,0.00000,0.00000,0.00000,0.00000,0.00000,0.00000,0.00000,0.00000,0.00000,0.00000,0.00000,0.00000,0.00000,0.00000,0.00000,0.00000,0.00000,0.00000,0.00000
33721A,"Office furniture and custom architectural woodwork and millwork",0.00033,0.00037,0.00021,0.00044,0.00004,0.00035,0.00035,0.00195,0.00032,0.00035,0.00026,0.00035,0.00007,0.00013,0.00031,0.00043,0.00010,0.00037,0.00037,0.00020,0.00044,0.00035,0.00017,0.00022
517210,"Wireless telecommunications",0.00034,0.00052,0.00022,0.00052,0.00006,0.00051,0.00044,0.00245,0.00042,0.00050,0.00027,0.00049,0.00009,0.00021,0.00023,0.00012,0.00014,0.00051,0.00060,0.00024,0.00068,0.00046,0.00023,0.00032
326190,"Other plastic products",0.00000,0.00000,0.00000,0.00000,0.00000,0.00000,0.00000,0.00000,0.00000,0.00000,0.00000,0.00000,0.00000,0.00000,0.00000,0.00000,0.00000,0.00000,0.00000,0.00000,0.00000,0.00000,0.00000,0.00000
33712A,"Home furniture - Cabinets and non-wood, nonupholstered",0.00000,0.00000,0.00000,0.00000,0.00000,0.00000,0.00000,0.00000,0.00000,0.00000,0.00000,0.00000,0.00000,0.00000,0.00000,0.00000,0.00000,0.00000,0.00000,0.00000,0.00000,0.00000,0.00000,0.00000
483000,"Water transport (boats, ships, ferries)",0.00007,0.00011,0.00005,0.00009,0.00002,0.00011,0.00010,0.00044,0.00009,0.00012,0.00006,0.00011,0.00002,0.00005,0.00005,0.00003,0.00004,0.00011,0.00028,0.00005,0.00016,0.00010,0.00005,0.00009
336411,"Aircraft",0.00008,0.00010,0.00005,0.00012,0.00001,0.00013,0.00008,0.00063,0.00009,0.00020,0.00006,0.00019,0.00002,0.00004,0.00006,0.00004,0.00004,0.00010,0.00020,0.00005,0.00011,0.00010,0.00005,0.00006
333120,"Construction machinery",0.00000,0.00000,0.00000,0.00000,0.00000,0.00000,0.00000,0.00000,0.00000,0.00000,0.00000,0.00000,0.00000,0.00000,0.00000,0.00000,0.00000,0.00000,0.00000,0.00000,0.00000,0.00000,0.00000,0.00000
S00203,"Other state and local government enterprises",0.00106,0.00147,0.00056,0.00136,0.00025,0.00113,0.00192,0.00640,0.00145,0.00323,0.00083,0.00296,0.00038,0.00114,0.00100,0.00057,0.00066,0.00142,0.00170,0.00059,0.00211,0.00141,0.00079,0.00101
623B00,"Residential mental retardation, mental health, substance abuse and other facilities",0.00130,0.00150,0.00134,0.00263,0.00030,-0.01270,0.00173,0.00848,0.00158,0.00216,0.00144,0.00208,0.00039,0.01947,0.00114,0.00051,0.00075,0.00149,0.00720,0.00127,0.00161,0.00166,0.00093,0.00229
324190,"Other petroleum and coal products",0.00004,0.00006,0.00004,0.00009,0.00001,-0.00004,0.00008,0.00022,0.00005,0.00007,0.00005,0.00007,0.00002,0.00016,0.00005,0.00002,0.00004,0.00006,0.00021,0.00004,0.00008,0.00006,0.00004,0.00008
333415,"Air conditioning, refrigeration, and warm air heating equipment",0.00013,0.00018,0.00010,0.00024,0.00003,-0.00044,0.00022,0.00084,0.00015,0.00018,0.00013,0.00018,0.00004,0.00089,0.00019,0.00006,0.00009,0.00018,0.00048,0.00010,0.00020,0.00016,0.00011,0.00018
327991,"Cut stone and stone products",0.00054,0.00037,0.00002,0.00023,0.00004,0.00036,0.00043,0.00024,0.00019,0.00019,0.00067,0.00019,0.00005,0.00013,0.00260,0.00057,0.00014,0.00039,0.00007,0.00002,0.00023,0.00054,0.00016,0.00016
334300,"Audio and video equipment",0.00065,0.00055,0.00003,0.00037,0.00006,0.00063,0.00029,0.00080,0.00031,0.00028,0.00051,0.00028,0.00008,0.00012,0.00104,0.00045,0.00016,0.00056,0.00021,0.00003,0.00048,0.00095,0.00021,0.00025
3219A0,"Veneer, plywood, and engineered wood",0.00000,0.00000,0.00000,0.00000,0.00000,0.00000,0.00000,0.00000,0.00000,0.00000,0.00000,0.00000,0.00000,0.00000,0.00000,0.00000,0.00000,0.00000,0.00000,0.00000,0.00000,0.00000,0.00000,0.00000
31122A,"Vegetable oils and by-products",0.00000,0.00000,0.00000,0.00000,0.00000,0.00000,0.00000,0.00000,0.00000,0.00000,0.00000,0.00000,0.00000,0.00000,0.00000,0.00000,0.00000,0.00000,0.00000,0.00000,0.00000,0.00000,0.00000,0.00000
541300,"Architectural, engineering, and related services",0.00000,0.00000,0.00000,0.00000,0.00000,0.00000,0.00000,0.00000,0.00000,0.00000,0.00000,0.00000,0.00000,0.00000,0.00000,0.00000,0.00000,0.00000,0.00000,0.00000,0.00000,0.00000,0.00000,0.00000
813B00,"Civic, social, professional, and similar organizations",0.00000,0.00000,0.00000,0.00001,0.00000,0.00001,0.00000,0.00000,0.00000,0.00000,0.00000,0.00000,0.00000,0.00000,0.00000,0.00002,0.00000,0.00000,0.00000,0.00000,0.00000,0.00000,0.00000,0.00000
337127,"Institutional furniture",0.00001,0.00001,0.00000,0.00001,0.00000,0.00002,0.00000,0.00000,0.00000,0.00000,0.00001,0.00000,0.00000,0.00000,0.00000,0.00008,0.00000,0.00001,0.00000,0.00000,0.00001,0.00001,0.00000,0.00000
322291,"Sanitary paper (tissues, napkins, diapers, etc.)",0.00001,0.00001,0.00000,0.00001,0.00000,0.00001,0.00001,0.00003,0.00001,0.00001,0.00001,0.00001,0.00000,0.00001,0.00001,0.00001,0.00001,0.00001,0.00001,0.00000,0.00003,0.00001,0.00001,0.00001
336611,"Ships and ship repair",0.00029,0.00025,0.00008,0.00028,0.00008,0.00025,0.00026,0.00103,0.00023,0.00024,0.00044,0.00024,0.00008,0.00018,0.00064,0.01266,0.00027,0.00025,0.00044,0.00008,0.00029,0.00034,0.00025,0.00025
621900,"Ambulances",0.00004,0.00003,0.00000,0.00003,0.00000,0.00003,0.00001,0.00002,0.00002,0.00002,0.00004,0.00002,0.00000,0.00000,0.00005,0.00068,0.00001,0.00003,0.00000,0.00000,0.00002,0.00004,0.00001,0.00002
48A000,"Scenic and sightseeing transportation and support activities for transportation",0.00000,0.00000,0.00000,0.00000,0.00000,0.00000,0.00000,0.00000,0.00000,0.00000,0.00000,0.00000,0.00000,0.00000,0.00000,0.00000,0.00000,0.00000,0.00000,0.00000,0.00000,0.00000,0.00000,0.00000
339920,"Sporting and athletic goods",0.00000,0.00000,0.00000,0.00000,0.00000,0.00000,0.00000,0.00000,0.00000,0.00000,0.00000,0.00000,0.00000,0.00000,0.00000,0.00000,0.00000,0.00000,0.00000,0.00000,0.00000,0.00000,0.00000,0.00000
812300,"Dry-cleaning and laundry",0.00001,0.00002,0.00000,0.00002,0.00000,0.00001,0.00000,0.00002,0.00000,0.00000,0.00001,0.00000,0.00000,0.00000,0.00002,0.00001,0.00000,0.00002,0.00000,0.00000,0.00000,0.00001,0.00000,0.00000
312140,"Distilleries and spirits",0.00005,0.00011,0.00000,0.00091,0.00001,0.00009,0.00004,0.00019,0.00004,0.00003,0.00005,0.00003,0.00001,0.00001,0.00026,0.00005,0.00003,0.00011,0.00002,0.00000,0.00005,0.00006,0.00003,0.00006
541940,"Veterinarians",0.00000,0.00000,0.00000,0.00000,0.00000,0.00000,0.00000,0.00000,0.00000,0.00000,0.00000,0.00000,0.00000,0.00000,0.00000,0.00000,0.00000,0.00000,0.00000,0.00000,0.00000,0.00000,0.00000,0.00000
532100,"Vehicle rental and leasing",0.00000,0.00000,0.00000,0.00000,0.00000,0.00000,0.00000,0.00000,0.00000,0.00000,0.00000,0.00000,0.00000,0.00000,0.00000,0.00000,0.00000,0.00000,0.00000,0.00000,0.00000,0.00000,0.00000,0.00000
21311A,"Other support activities for mining",0.00000,0.00000,0.00000,0.00000,0.00000,0.00000,0.00000,0.00000,0.00000,0.00000,0.00000,0.00000,0.00000,0.00000,0.00000,0.00000,0.00000,0.00000,0.00000,0.00000,0.00000,0.00000,0.00000,0.00000
335311,"Specialty transformers",0.00000,0.00000,0.00000,0.00000,0.00000,0.00000,0.00000,0.00000,0.00000,0.00000,0.00000,0.00000,0.00000,0.00000,0.00000,0.00000,0.00000,0.00000,0.00000,0.00000,0.00000,0.00000,0.00000,0.00000
334220,"Wireless communications",0.00000,0.00000,0.00000,0.00000,0.00000,0.00000,0.00000,0.00000,0.00000,0.00000,0.00000,0.00000,0.00000,0.00000,0.00000,0.00000,0.00000,0.00000,0.00000,0.00000,0.00000,0.00000,0.00000,0.00000
111900,"Tobacco, cotton, sugarcane, peanuts, sugar beets, herbs and spices, and other crops",0.00000,0.00000,0.00000,0.00000,0.00000,0.00000,0.00000,0.00004,0.00000,0.00000,0.00000,0.00000,0.00000,0.00000,0.00002,0.00000,0.00000,0.00000,0.00000,0.00000,0.00000,0.00000,0.00000,0.00000
311700,"Seafood",0.00000,0.00000,0.00000,0.00000,0.00000,0.00000,0.00000,0.00000,0.00000,0.00000,0.00000,0.00000,0.00000,0.00000,0.00000,0.00000,0.00000,0.00000,0.00000,0.00000,0.00000,0.00000,0.00000,0.00000
522A00,"Nondepository credit intermediation and related activities",0.00002,0.00002,0.00000,0.00002,0.00000,0.00003,0.00002,0.00004,0.00001,0.00001,0.00002,0.00001,0.00000,0.00001,0.00018,0.00001,0.00001,0.00002,0.00001,0.00000,0.00002,0.00002,0.00001,0.00006
33411A,"Computer terminals and other computer peripheral equipment",0.00000,0.00000,0.00000,0.00000,0.00000,0.00000,0.00000,0.00000,0.00000,0.00000,0.00000,0.00000,0.00000,0.00000,0.00000,0.00000,0.00000,0.00000,0.00000,0.00000,0.00000,0.00000,0.00000,0.00000
532A00,"Consumer goods and general rental centers",0.00000,0.00000,0.00000,0.00000,0.00000,0.00000,0.00000,0.00000,0.00000,0.00000,0.00000,0.00000,0.00000,0.00000,0.00000,0.00000,0.00000,0.00000,0.00000,0.00000,0.00000,0.00000,0.00000,0.00000
523A00,"Securities and commodities brokerage and exchanges",0.00004,0.00007,0.00001,0.00010,0.00001,0.00007,0.00007,0.00013,0.00003,0.00003,0.00004,0.00003,0.00001,0.00002,0.00016,0.00003,0.00004,0.00007,0.00002,0.00001,0.00005,0.00005,0.00004,0.00004
33329A,"Machinery for the paper, textile, food or other industries (except semiconductor machinery)",0.00033,0.00053,0.00005,0.00074,0.00011,0.00050,0.00050,0.00094,0.00030,0.00029,0.00030,0.00029,0.00013,0.00022,0.00107,0.00020,0.00032,0.00052,0.00024,0.00005,0.00066,0.00039,0.00039,0.00033
711100,"Performances",0.00001,0.00003,0.00000,0.00005,0.00000,0.00003,0.00003,0.00005,0.00001,0.00001,0.00001,0.00001,0.00001,0.00001,0.00009,0.00001,0.00001,0.00003,0.00001,0.00000,0.00002,0.00002,0.00001,0.00001
335210,"Small electrical appliances",0.00004,0.00006,0.00001,0.00009,0.00001,0.00006,0.00006,0.00013,0.00003,0.00003,0.00003,0.00003,0.00002,0.00002,0.00016,0.00003,0.00004,0.00007,0.00002,0.00001,0.00005,0.00005,0.00003,0.00003
712000,"Museums, historical sites, zoos, and parks",0.00008,0.00011,0.00001,0.00014,0.00002,0.00012,0.00014,0.00022,0.00006,0.00006,0.00007,0.00006,0.00003,0.00003,0.00042,0.00005,0.00007,0.00011,0.00004,0.00001,0.00010,0.00009,0.00008,0.00007
621500,"Medical laboratories",0.00020,0.00039,0.00003,0.00053,0.00006,0.00037,0.00036,0.00065,0.00017,0.00016,0.00018,0.00016,0.00008,0.00007,0.00117,0.00015,0.00018,0.00041,0.00010,0.00002,0.00024,0.00026,0.00020,0.00017
511200,"Software",0.00005,0.00005,0.00000,0.00006,0.00001,0.00008,0.00030,0.00010,0.00005,0.00003,0.00004,0.00003,0.00001,0.00001,0.00026,0.00002,0.00002,0.00005,0.00002,0.00000,0.00005,0.00006,0.00002,0.00004
713100,"Amusement parks and arcades",0.00003,0.00005,0.00001,0.00006,0.00001,0.00005,0.00006,0.00011,0.00003,0.00003,0.00003,0.00003,0.00002,0.00002,0.00012,0.00002,0.00004,0.00005,0.00002,0.00001,0.00006,0.00004,0.00004,0.00003
813A00,"Grantmaking, giving, and social advocacy organizations",0.00001,0.00001,0.00000,0.00005,0.00000,0.00001,0.00001,0.00002,0.00001,0.00001,0.00001,0.00001,0.00000,0.00000,0.00002,0.00001,0.00001,0.00001,0.00001,0.00000,0.00001,0.00001,0.00001,0.00001
336500,"Railroad rolling stock",0.00003,0.00004,0.00000,0.00006,0.00001,0.00005,0.00006,0.00008,0.00002,0.00003,0.00002,0.00003,0.00002,0.00001,0.00011,0.00002,0.00005,0.00004,0.00002,0.00000,0.00004,0.00003,0.00004,0.00003
512100,"Movies and film",0.00001,0.00002,0.00000,0.00004,0.00000,0.00002,0.00002,0.00004,0.00001,0.00001,0.00001,0.00001,0.00001,0.00000,0.00005,0.00001,0.00001,0.00002,0.00001,0.00000,0.00002,0.00002,0.00002,0.00001
812200,"Funerary services",0.00000,0.00000,0.00000,0.00000,0.00000,0.00000,0.00000,0.00000,0.00000,0.00000,0.00000,0.00000,0.00000,0.00000,0.00000,0.00000,0.00000,0.00000,0.00000,0.00000,0.00000,0.00000,0.00000,0.00000
811400,"Household goods repair",0.00000,0.00000,0.00000,0.00000,0.00000,0.00000,0.00000,0.00000,0.00000,0.00000,0.00000,0.00000,0.00000,0.00000,0.00000,0.00000,0.00000,0.00000,0.00000,0.00000,0.00000,0.00000,0.00000,0.00000
325190,"Other basic organic chemicals",0.00004,0.00004,0.00000,0.00006,0.00001,0.00005,0.00006,0.00010,0.00003,0.00003,0.00003,0.00003,0.00002,0.00002,0.00017,0.00002,0.00003,0.00004,0.00002,0.00000,0.00005,0.00004,0.00004,0.00004
336120,"Heavy duty trucks",0.00000,0.00000,0.00000,0.00000,0.00000,0.00000,0.00000,0.00000,0.00000,0.00000,0.00000,0.00000,0.00000,0.00000,0.00000,0.00000,0.00000,0.00000,0.00000,0.00000,0.00000,0.00000,0.00000,0.00000
335221,"Home cooking appliances",0.00002,0.00004,0.00000,0.00005,0.00001,0.00003,0.00018,0.00006,0.00002,0.00002,0.00002,0.00002,0.00001,0.00001,0.00014,0.00001,0.00002,0.00004,0.00001,0.00000,0.00002,0.00003,0.00002,0.00002
314900,"Other textiles",0.00025,0.00029,0.00005,0.00035,0.00008,0.00014,0.00051,0.00085,0.00021,0.00024,0.00021,0.00024,0.00010,0.00034,0.00283,0.00011,0.00026,0.00027,0.00014,0.00005,0.00063,0.00028,0.00036,0.00025
311520,"Ice cream and frozen desserts",0.00030,0.00045,0.00004,0.00066,0.00007,0.00045,0.00047,0.00083,0.00024,0.00025,0.00028,0.00025,0.00011,0.00014,0.00172,0.00019,0.00020,0.00045,0.00017,0.00004,0.00047,0.00036,0.00027,0.00028
325320,"Pesticides",0.00147,0.00224,0.00033,0.00288,0.00050,0.00142,0.00319,0.00524,0.00136,0.00143,0.00128,0.00142,0.00078,0.00182,0.00564,0.00100,0.00126,0.00226,0.00138,0.00031,0.00188,0.00195,0.00188,0.00134
335222,"Home refrigerators and freezers",0.00170,0.00232,0.00042,0.00280,0.00062,0.00169,0.00445,0.00559,0.00175,0.00197,0.00144,0.00194,0.00101,0.00206,0.00522,0.00107,0.00174,0.00230,0.00174,0.00039,0.00251,0.00236,0.00214,0.00167
334511,"Navigation instruments",0.00113,0.00189,0.00023,0.00238,0.00040,0.00155,0.00206,0.00378,0.00108,0.00110,0.00100,0.00110,0.00064,0.00103,0.00394,0.00076,0.00109,0.00192,0.00092,0.00022,0.00145,0.00153,0.00139,0.00105
336612,"Boats",0.00004,0.00007,0.00001,0.00009,0.00002,0.00007,0.00006,0.00014,0.00004,0.00004,0.00004,0.00004,0.00002,0.00002,0.00037,0.00003,0.00004,0.00007,0.00002,0.00001,0.00006,0.00005,0.00005,0.00004
334111,"Computers",0.00010,0.00013,0.00001,0.00016,0.00007,0.00015,0.00013,0.00025,0.00009,0.00009,0.00009,0.00009,0.00006,0.00005,0.00036,0.00005,0.00034,0.00013,0.00005,0.00001,0.00017,0.00012,0.00016,0.00011
336214,"Travel trailer and campers",0.00000,0.00000,0.00000,0.00000,0.00000,0.00000,0.00000,0.00000,0.00000,0.00000,0.00000,0.00000,0.00000,0.00000,0.00000,0.00000,0.00000,0.00000,0.00000,0.00000,0.00000,0.00000,0.00000,0.00000
335911,"Storage batteries",0.00060,0.00085,0.00011,0.00135,0.00029,0.00088,0.00085,0.00182,0.00056,0.00058,0.00051,0.00058,0.00039,0.00037,0.00212,0.00039,0.00089,0.00083,0.00052,0.00011,0.00110,0.00075,0.00091,0.00059
339113,"Surgical appliance and supplies",0.00010,0.00017,0.00003,0.00010,0.00007,0.00016,0.00015,0.00028,0.00014,0.00014,0.00007,0.00014,0.00005,0.00008,0.00015,0.00004,0.00038,0.00017,0.00022,0.00003,0.00012,0.00015,0.00017,0.00008
561700,"Buildings and dwellings services",0.00006,0.00006,0.00001,0.00006,0.00003,0.00008,0.00007,0.00015,0.00005,0.00006,0.00004,0.00006,0.00003,0.00003,0.00011,0.00003,0.00007,0.00006,0.00007,0.00001,0.00010,0.00007,0.00010,0.00005
336991,"Motorcycle, bicycle, and parts",0.00007,0.00009,0.00003,0.00009,0.00003,0.00008,0.00012,0.00036,0.00007,0.00009,0.00005,0.00009,0.00003,0.00006,0.00009,0.00005,0.00017,0.00008,0.00014,0.00003,0.00023,0.00009,0.00010,0.00007
333993,"Packaging machinery",0.00035,0.00069,0.00010,0.00049,0.00013,0.00075,0.00050,0.00096,0.00049,0.00051,0.00026,0.00050,0.00018,0.00020,0.00072,0.00016,0.00038,0.00070,0.00069,0.00010,0.00051,0.00054,0.00047,0.00033
333920,"Material handling equipment",0.00011,0.00017,0.00003,0.00019,0.00004,0.00016,0.00043,0.00038,0.00010,0.00012,0.00009,0.00012,0.00006,0.00007,0.00034,0.00007,0.00011,0.00016,0.00010,0.00002,0.00024,0.00015,0.00014,0.00011
326110,"Plastic bags, films, and sheets",0.00115,0.00120,0.00020,0.00159,0.00037,0.00288,0.00161,0.00301,0.00096,0.00092,0.00096,0.00092,0.00064,0.00051,0.00463,0.00051,0.00101,0.00118,0.00075,0.00020,0.00146,0.00124,0.00129,0.00094
311221,"Corn products",0.00009,0.00009,0.00003,0.00011,0.00002,0.00011,0.00017,0.00024,0.00010,0.00007,0.00008,0.00007,0.00003,0.00004,0.00032,0.00004,0.00009,0.00009,0.00010,0.00003,0.00011,0.00009,0.00010,0.00010
541512,"Computer systems design",0.00006,0.00008,0.00001,0.00010,0.00002,0.00010,0.00007,0.00018,0.00005,0.00007,0.00005,0.00007,0.00002,0.00003,0.00020,0.00003,0.00008,0.00008,0.00004,0.00001,0.00010,0.00007,0.00008,0.00007
33331A,"Vending, commercial laundry, and other commercial and service industry machinery",0.00011,0.00017,0.00001,0.00021,0.00005,0.00019,0.00012,0.00032,0.00009,0.00009,0.00009,0.00009,0.00006,0.00005,0.00045,0.00007,0.00019,0.00017,0.00005,0.00001,0.00018,0.00013,0.00016,0.00011
335312,"Motors and generators",0.00007,0.00011,0.00001,0.00014,0.00004,0.00012,0.00020,0.00026,0.00007,0.00007,0.00007,0.00007,0.00004,0.00004,0.00029,0.00005,0.00012,0.00011,0.00005,0.00001,0.00012,0.00010,0.00013,0.00008
327200,"Glass and glass products",0.00002,0.00002,0.00000,0.00003,0.00001,0.00003,0.00002,0.00008,0.00002,0.00002,0.00002,0.00002,0.00001,0.00001,0.00008,0.00001,0.00002,0.00002,0.00001,0.00000,0.00003,0.00002,0.00003,0.00002
511120,"Magazines and journals",0.00008,0.00011,0.00001,0.00013,0.00003,0.00012,0.00011,0.00022,0.00007,0.00007,0.00007,0.00007,0.00004,0.00004,0.00050,0.00005,0.00008,0.00011,0.00005,0.00001,0.00014,0.00010,0.00011,0.00009
511110,"Newspapers",0.00000,0.00000,0.00000,0.00000,0.00000,0.00000,0.00000,0.00000,0.00000,0.00000,0.00000,0.00000,0.00000,0.00000,0.00000,0.00000,0.00000,0.00000,0.00000,0.00000,0.00000,0.00000,0.00000,0.00000
3259A0,"Chemicals (except basic chemicals, agrichemicals, polymers, paints, pharmaceuticals,soaps, cleaning compounds)",0.00000,0.00000,0.00000,0.00000,0.00000,0.00000,0.00000,0.00000,0.00000,0.00000,0.00000,0.00000,0.00000,0.00000,0.00000,0.00000,0.00000,0.00000,0.00000,0.00000,0.00000,0.00000,0.00000,0.00000
336999,"Other transportation equipment",0.00020,0.00020,0.00004,0.00024,0.00006,0.00008,0.00031,0.00048,0.00020,0.00023,0.00017,0.00022,0.00010,0.00036,0.00067,0.00017,0.00016,0.00020,0.00024,0.00003,0.00028,0.00026,0.00020,0.00018
515200,"Cable and subscription programming",0.00006,0.00008,0.00001,0.00010,0.00002,0.00009,0.00015,0.00016,0.00006,0.00006,0.00005,0.00006,0.00004,0.00003,0.00022,0.00003,0.00006,0.00008,0.00004,0.00001,0.00010,0.00008,0.00009,0.00006
33391A,"Pumps and pumping equipment",0.00037,0.00049,0.00007,0.00061,0.00015,0.00053,0.00079,0.00101,0.00034,0.00036,0.00033,0.00036,0.00022,0.00021,0.00160,0.00021,0.00038,0.00048,0.00024,0.00006,0.00066,0.00046,0.00058,0.00039
711A00,"Promoters and agents",0.00042,0.00068,0.00008,0.00087,0.00016,0.00060,0.00098,0.00140,0.00040,0.00040,0.00036,0.00040,0.00024,0.00032,0.00158,0.00027,0.00046,0.00068,0.00034,0.00008,0.00060,0.00056,0.00058,0.00039
486000,"Pipeline transport",0.00023,0.00031,0.00004,0.00038,0.00006,0.00031,0.00031,0.00072,0.00019,0.00021,0.00020,0.00021,0.00010,0.00012,0.00081,0.00012,0.00020,0.00030,0.00014,0.00004,0.00039,0.00027,0.00031,0.00022
332200,"Cutlery and handtools",0.00046,0.00058,0.00014,0.00069,0.00023,0.00069,0.00062,0.00112,0.00042,0.00043,0.00040,0.00043,0.00030,0.00025,0.00144,0.00023,0.00070,0.00057,0.00040,0.00013,0.00080,0.00054,0.00082,0.00055
313200,"Fabric",0.00002,0.00003,0.00000,0.00004,0.00001,0.00003,0.00002,0.00005,0.00001,0.00001,0.00002,0.00001,0.00001,0.00001,0.00007,0.00001,0.00002,0.00003,0.00001,0.00000,0.00002,0.00002,0.00003,0.00002
336390,"Other vehicle parts",0.00026,0.00036,0.00011,0.00058,0.00009,0.00035,0.00045,0.00085,0.00025,0.00030,0.00025,0.00029,0.00012,0.00019,0.00065,0.00013,0.00023,0.00034,0.00072,0.00011,0.00061,0.00031,0.00030,0.00034
335224,"Home laundry machines",0.00001,0.00002,0.00000,0.00002,0.00000,0.00001,0.00001,0.00003,0.00001,0.00001,0.00001,0.00001,0.00000,0.00000,0.00003,0.00001,0.00001,0.00002,0.00000,0.00000,0.00001,0.00001,0.00001,0.00001
339950,"Signs",0.00046,0.00046,0.00011,0.00055,0.00041,0.00063,0.00049,0.00179,0.00050,0.00049,0.00032,0.00049,0.00052,0.00029,0.00086,0.00025,0.00101,0.00044,0.00052,0.00010,0.00074,0.00059,0.00208,0.00047
339115,"Ophthalmic goods",0.00005,0.00005,0.00001,0.00006,0.00003,0.00007,0.00005,0.00017,0.00004,0.00005,0.00003,0.00005,0.00004,0.00003,0.00008,0.00003,0.00006,0.00004,0.00005,0.00001,0.00009,0.00006,0.00017,0.00005
511130,"Books",0.00065,0.00073,0.00015,0.00075,0.00030,0.00051,0.00080,0.00198,0.00067,0.00088,0.00048,0.00085,0.00047,0.00088,0.00158,0.00048,0.00094,0.00071,0.00068,0.00015,0.00101,0.00081,0.00162,0.00057
711200,"Sports",0.00020,0.00022,0.00005,0.00023,0.00012,0.00032,0.00022,0.00067,0.00020,0.00022,0.00014,0.00021,0.00018,0.00013,0.00038,0.00014,0.00024,0.00020,0.00028,0.00004,0.00048,0.00025,0.00063,0.00021
336992,"Military armored vehicles and tanks",0.00071,0.00071,0.00015,0.00081,0.00054,0.00096,0.00085,0.00207,0.00064,0.00067,0.00050,0.00067,0.00080,0.00041,0.00193,0.00035,0.00101,0.00066,0.00110,0.00014,0.00140,0.00081,0.00280,0.00075
33399A,"Welding and Soldering Equipment, Scales and Balances, and other general purpose machinery",0.00003,0.00003,0.00001,0.00004,0.00002,0.00004,0.00004,0.00008,0.00003,0.00003,0.00002,0.00003,0.00002,0.00002,0.00008,0.00001,0.00003,0.00003,0.00004,0.00001,0.00006,0.00003,0.00008,0.00003
336213,"Motor homes",0.00084,0.00089,0.00020,0.00106,0.00062,0.00098,0.00171,0.00275,0.00091,0.00098,0.00061,0.00097,0.00070,0.00076,0.00158,0.00036,0.00159,0.00084,0.00311,0.00020,0.00161,0.00109,0.00213,0.00084
33299B,"Metal pipe fittings, ball and roller bearings, industrial patterns, metal bath fixtures, other misc. fabricated metals",0.00000,0.00000,0.00000,0.00000,0.00000,0.00000,0.00000,0.00000,0.00000,0.00000,0.00000,0.00000,0.00000,0.00000,0.00000,0.00000,0.00000,0.00000,0.00000,0.00000,0.00000,0.00000,0.00000,0.00000
491000,"Postal service",0.00001,0.00000,0.00000,0.00001,0.00000,0.00001,0.00001,0.00003,0.00000,0.00000,0.00000,0.00000,0.00000,0.00000,0.00001,0.00000,0.00000,0.00000,0.00001,0.00000,0.00001,0.00001,0.00001,0.00000
334517,"Irradiation apparatuses",0.00002,0.00002,0.00000,0.00002,0.00001,0.00002,0.00002,0.00010,0.00001,0.00001,0.00001,0.00001,0.00001,0.00001,0.00004,0.00001,0.00001,0.00002,0.00003,0.00000,0.00003,0.00002,0.00003,0.00002
337110,"Wood kitchen cabinets and countertops",0.00014,0.00017,0.00006,0.00021,0.00007,0.00018,0.00030,0.00064,0.00013,0.00015,0.00011,0.00015,0.00009,0.00008,0.00032,0.00008,0.00013,0.00016,0.00018,0.00006,0.00024,0.00017,0.00038,0.00014
327100,"Clay and ceramic products",0.00051,0.00053,0.00013,0.00066,0.00032,0.00069,0.00074,0.00155,0.00045,0.00051,0.00038,0.00050,0.00044,0.00030,0.00103,0.00025,0.00065,0.00050,0.00083,0.00012,0.00096,0.00058,0.00168,0.00058
335313,"Switchgear and switchboards",0.00000,0.00000,0.00000,0.00000,0.00000,0.00000,0.00000,0.00000,0.00000,0.00000,0.00000,0.00000,0.00000,0.00000,0.00000,0.00000,0.00000,0.00000,0.00000,0.00000,0.00000,0.00000,0.00000,0.00000
541200,"Accounting, tax preparation, bookkeeping, and payroll",0.00013,0.00015,0.00002,0.00019,0.00007,0.00017,0.00017,0.00035,0.00011,0.00012,0.00010,0.00012,0.00008,0.00007,0.00037,0.00007,0.00016,0.00015,0.00009,0.00002,0.00025,0.00015,0.00030,0.00013
561500,"Travel arrangement and reservation",0.00006,0.00007,0.00001,0.00007,0.00002,0.00008,0.00007,0.00020,0.00005,0.00006,0.00005,0.00006,0.00003,0.00003,0.00017,0.00003,0.00005,0.00007,0.00005,0.00001,0.00010,0.00007,0.00011,0.00005
541920,"Photographers",0.00010,0.00010,0.00002,0.00012,0.00007,0.00014,0.00011,0.00024,0.00009,0.00010,0.00007,0.00010,0.00007,0.00006,0.00018,0.00005,0.00014,0.00010,0.00011,0.00002,0.00020,0.00012,0.00031,0.00011
33299A,"Ammunition, arms, ordnance, and related accessories",0.00006,0.00007,0.00001,0.00008,0.00003,0.00007,0.00007,0.00018,0.00006,0.00006,0.00005,0.00006,0.00004,0.00004,0.00013,0.00003,0.00006,0.00007,0.00005,0.00001,0.00013,0.00007,0.00014,0.00006
482000,"Rail transport",0.00027,0.00032,0.00010,0.00038,0.00008,0.00034,0.00034,0.00116,0.00025,0.00026,0.00021,0.00026,0.00013,0.00012,0.00081,0.00024,0.00017,0.00031,0.00027,0.00010,0.00042,0.00031,0.00038,0.00022
515100,"Radio and television",0.00020,0.00022,0.00004,0.00027,0.00011,0.00026,0.00023,0.00056,0.00017,0.00019,0.00015,0.00019,0.00013,0.00011,0.00053,0.00011,0.00022,0.00021,0.00015,0.00004,0.00038,0.00023,0.00054,0.00019
333991,"Power tools",0.00004,0.00006,0.00001,0.00006,0.00002,0.00004,0.00005,0.00015,0.00004,0.00005,0.00003,0.00005,0.00002,0.00005,0.00008,0.00002,0.00004,0.00005,0.00005,0.00001,0.00014,0.00005,0.00007,0.00004
332420,"Heavy gauge metal tanks",0.00010,0.00010,0.00001,0.00008,0.00003,0.00012,0.00019,0.00028,0.00008,0.00008,0.00008,0.00008,0.00005,0.00005,0.00019,0.00005,0.00006,0.00009,0.00008,0.00001,0.00022,0.00014,0.00009,0.00008
334210,"Telephones",0.00014,0.00019,0.00003,0.00032,0.00006,0.00020,0.00027,0.00042,0.00012,0.00014,0.00011,0.00014,0.00008,0.00008,0.00052,0.00007,0.00013,0.00019,0.00017,0.00003,0.00029,0.00017,0.00021,0.00013
339940,"Office supplies (not paper)",0.00059,0.00081,0.00020,0.00092,0.00020,0.00070,0.00270,0.00225,0.00063,0.00072,0.00047,0.00071,0.00027,0.00045,0.00117,0.00039,0.00045,0.00076,0.00070,0.00020,0.00154,0.00084,0.00074,0.00065
336211,"Vehicle bodies",0.00055,0.00087,0.00010,0.00108,0.00016,0.00085,0.00152,0.00183,0.00050,0.00052,0.00048,0.00052,0.00023,0.00029,0.00162,0.00033,0.00038,0.00085,0.00046,0.00010,0.00103,0.00071,0.00060,0.00051
114000,"Wild-caught fish and game",0.00047,0.00070,0.00012,0.00085,0.00014,0.00106,0.00107,0.00189,0.00046,0.00048,0.00039,0.00048,0.00020,0.00025,0.00134,0.00025,0.00033,0.00070,0.00049,0.00012,0.00074,0.00061,0.00055,0.00042
326290,"Other rubber products",0.00030,0.00047,0.00008,0.00061,0.00010,0.00049,0.00085,0.00113,0.00029,0.00032,0.00025,0.00031,0.00016,0.00016,0.00079,0.00017,0.00021,0.00047,0.00034,0.00008,0.00052,0.00041,0.00036,0.00030
335912,"Primary batteries",0.00013,0.00021,0.00003,0.00026,0.00004,0.00019,0.00034,0.00049,0.00013,0.00014,0.00011,0.00014,0.00005,0.00007,0.00040,0.00009,0.00009,0.00020,0.00013,0.00003,0.00023,0.00017,0.00015,0.00011
333618,"Other engine equipment",0.00091,0.00122,0.00012,0.00112,0.00021,0.00112,0.00139,0.00220,0.00074,0.00075,0.00069,0.00075,0.00028,0.00036,0.00294,0.00042,0.00050,0.00121,0.00044,0.00010,0.00128,0.00102,0.00082,0.00061
33451A,"Watches, clocks, and other measuring and controlling devices",0.00043,0.00050,0.00006,0.00089,0.00014,0.00055,0.00068,0.00114,0.00036,0.00036,0.00035,0.00036,0.00022,0.00022,0.00149,0.00022,0.00034,0.00049,0.00031,0.00006,0.00060,0.00051,0.00052,0.00036
339114,"Dental equipment and supplies",0.00039,0.00030,0.00004,0.00037,0.00008,0.00037,0.00055,0.00095,0.00022,0.00021,0.00032,0.00021,0.00012,0.00010,0.00139,0.00015,0.00018,0.00030,0.00018,0.00004,0.00030,0.00033,0.00033,0.00021
561600,"Investigation and security",0.00005,0.00005,0.00001,0.00006,0.00002,0.00006,0.00007,0.00013,0.00004,0.00004,0.00004,0.00004,0.00003,0.00003,0.00015,0.00003,0.00005,0.00005,0.00005,0.00001,0.00007,0.00006,0.00009,0.00004
5111A0,"Directory, mailing list, and other publishers",0.00028,0.00029,0.00003,0.00029,0.00005,0.00044,0.00023,0.00491,0.00021,0.00022,0.00027,0.00022,0.00007,0.00009,0.00113,0.00018,0.00011,0.00029,0.00015,0.00003,0.00033,0.00030,0.00021,0.00027
322220,"Paper bags and coated paper",0.00018,0.00028,0.00002,0.00034,0.00004,0.00026,0.00019,0.00098,0.00014,0.00014,0.00015,0.00014,0.00006,0.00008,0.00121,0.00012,0.00010,0.00028,0.00010,0.00002,0.00027,0.00021,0.00018,0.00015
323110,"Books, newspapers, magazines, and other print media",0.00009,0.00005,0.00001,0.00006,0.00001,0.00007,0.00010,0.00020,0.00005,0.00005,0.00007,0.00005,0.00002,0.00004,0.00038,0.00003,0.00003,0.00005,0.00004,0.00001,0.00006,0.00008,0.00005,0.00006
336320,"Vehicle electrical and electronic equipment",0.00000,0.00000,0.00000,0.00001,0.00000,0.00000,0.00000,0.00001,0.00000,0.00000,0.00000,0.00000,0.00000,0.00000,0.00001,0.00000,0.00000,0.00000,0.00000,0.00000,0.00000,0.00000,0.00000,0.00000
325520,"Adhesives",0.00000,0.00000,0.00000,0.00000,0.00000,0.00000,0.00000,0.00000,0.00000,0.00000,0.00000,0.00000,0.00000,0.00000,0.00000,0.00000,0.00000,0.00000,0.00000,0.00000,0.00000,0.00000,0.00000,0.00000
334510,"Electromedical appartuses",0.00010,0.00010,0.00002,0.00012,0.00005,0.00013,0.00013,0.00040,0.00008,0.00009,0.00008,0.00009,0.00007,0.00005,0.00031,0.00005,0.00011,0.00010,0.00010,0.00002,0.00017,0.00011,0.00019,0.00010
335120,"Light fixtures",0.00967,0.01198,0.00256,0.01461,0.00334,0.00991,0.01995,0.02718,0.01037,0.01070,0.00820,0.01065,0.00633,0.01075,0.02576,0.00529,0.00881,0.01184,0.01015,0.00244,0.01386,0.01348,0.01180,0.00955
517A00,"Satellite, telecommunications resellers, and all other telecommunications",0.00807,0.01048,0.00241,0.01285,0.00274,0.00757,0.01619,0.02517,0.00850,0.00944,0.00696,0.00930,0.00512,0.01063,0.02162,0.00459,0.00678,0.01040,0.00962,0.00230,0.01156,0.01099,0.00918,0.00825
335228,"Major home appliances (except ovens, stoves, refrigerators and laundry machines)",0.00055,0.00068,0.00015,0.00082,0.00020,0.00043,0.00129,0.00168,0.00058,0.00062,0.00046,0.00061,0.00035,0.00078,0.00167,0.00031,0.00054,0.00066,0.00061,0.00014,0.00095,0.00076,0.00063,0.00055
512200,"Sound recording",0.00020,0.00026,0.00005,0.00033,0.00008,0.00018,0.00059,0.00062,0.00024,0.00021,0.00017,0.00021,0.00012,0.00024,0.00090,0.00011,0.00027,0.00025,0.00019,0.00005,0.00031,0.00029,0.00024,0.00019
333313,"Office machinery",0.00007,0.00009,0.00001,0.00011,0.00003,0.00003,0.00015,0.00023,0.00006,0.00007,0.00009,0.00007,0.00003,0.00014,0.00055,0.00004,0.00012,0.00009,0.00005,0.00001,0.00010,0.00009,0.00007,0.00007
541400,"Specialized design",0.00025,0.00029,0.00009,0.00051,0.00009,0.00011,0.00077,0.00089,0.00028,0.00032,0.00023,0.00031,0.00013,0.00051,0.00054,0.00012,0.00028,0.00028,0.00030,0.00009,0.00042,0.00035,0.00026,0.00037
334513,"Industrial process variable instruments",0.00044,0.00057,0.00014,0.00115,0.00013,-0.00009,0.00127,0.00143,0.00063,0.00056,0.00041,0.00057,0.00020,0.00119,0.00105,0.00023,0.00038,0.00056,0.00048,0.00013,0.00066,0.00055,0.00042,0.00064
339112,"Surgical and medical instruments",0.00009,0.00012,0.00001,0.00014,0.00003,0.00013,0.00014,0.00025,0.00008,0.00009,0.00008,0.00009,0.00005,0.00005,0.00040,0.00005,0.00009,0.00012,0.00006,0.00001,0.00013,0.00011,0.00011,0.00010
1121A0,"Cattle ranches and feedlots",0.00016,0.00017,0.00004,0.00019,0.00007,0.00021,0.00025,0.00064,0.00014,0.00016,0.00013,0.00016,0.00010,0.00008,0.00044,0.00008,0.00017,0.00017,0.00017,0.00004,0.00024,0.00019,0.00021,0.00016
333414,"Heating equipment other than warm air furnaces",0.00012,0.00017,0.00001,0.00021,0.00004,0.00019,0.00017,0.00034,0.00010,0.00010,0.00011,0.00010,0.00006,0.00005,0.00051,0.00007,0.00010,0.00018,0.00006,0.00001,0.00015,0.00014,0.00013,0.00013
492000,"Couriers and messengers",0.00003,0.00003,0.00002,0.00003,0.00001,-0.00000,0.00006,0.00009,0.00004,0.00005,0.00003,0.00004,0.00001,0.00008,0.00004,0.00001,0.00002,0.00003,0.00007,0.00002,0.00004,0.00003,0.00002,0.00004
336350,"Transmission and power train parts",0.00000,0.00000,0.00000,0.00000,0.00000,0.00000,0.00000,0.00000,0.00000,0.00000,0.00000,0.00000,0.00000,0.00000,0.00000,0.00000,0.00000,0.00000,0.00000,0.00000,0.00000,0.00000,0.00000,0.00000
326150,"Urethane and other foam products",0.00032,0.00047,0.00007,0.00057,0.00010,0.00036,0.00057,0.00102,0.00034,0.00035,0.00028,0.00035,0.00016,0.00033,0.00107,0.00024,0.00027,0.00046,0.00032,0.00007,0.00049,0.00042,0.00032,0.00031
333514,"Special tools, dies, jigs, and fixtures",0.00008,0.00011,0.00001,0.00013,0.00002,0.00009,0.00012,0.00025,0.00007,0.00007,0.00007,0.00007,0.00004,0.00006,0.00033,0.00005,0.00007,0.00011,0.00010,0.00001,0.00011,0.00009,0.00008,0.00008
333220,"Plastics and rubber industry machinery",0.00121,0.00156,0.00023,0.00202,0.00062,0.00183,0.00175,0.00344,0.00116,0.00124,0.00094,0.00123,0.00100,0.00057,0.00315,0.00077,0.00186,0.00154,0.00124,0.00021,0.00186,0.00153,0.00271,0.00119
561400,"Business support",0.00002,0.00002,0.00000,0.00003,0.00001,0.00003,0.00002,0.00004,0.00002,0.00002,0.00001,0.00002,0.00001,0.00001,0.00007,0.00001,0.00002,0.00002,0.00001,0.00000,0.00003,0.00002,0.00004,0.00002
322299,"All other converted paper products",0.00000,0.00000,0.00000,0.00000,0.00000,0.00000,0.00000,0.00000,0.00000,0.00000,0.00000,0.00000,0.00000,0.00000,0.00000,0.00000,0.00000,0.00000,0.00000,0.00000,0.00000,0.00000,0.00000,0.00000
331200,"Secondary steel products",0.00009,0.00009,0.00002,0.00012,0.00006,0.00013,0.00015,0.00027,0.00009,0.00009,0.00007,0.00009,0.00008,0.00004,0.00021,0.00004,0.00020,0.00009,0.00008,0.00002,0.00015,0.00011,0.00034,0.00009
326140,"Polystyrene foam products",0.00004,0.00004,0.00001,0.00004,0.00002,0.00005,0.00006,0.00011,0.00003,0.00003,0.00003,0.00003,0.00002,0.00002,0.00008,0.00002,0.00006,0.00004,0.00003,0.00001,0.00006,0.00004,0.00009,0.00004
335999,"other miscellaneous electrical equipment and components",0.00062,0.00091,0.00011,0.00129,0.00023,0.00092,0.00159,0.00163,0.00056,0.00053,0.00059,0.00053,0.00031,0.00028,0.00300,0.00038,0.00050,0.00092,0.00043,0.00010,0.00077,0.00082,0.00058,0.00059
334515,"Signal testing instruments",0.00038,0.00043,0.00007,0.00050,0.00019,0.00041,0.00794,0.00121,0.00139,0.00060,0.00035,0.00072,0.00022,0.00032,0.00258,0.00020,0.00054,0.00042,0.00789,0.00007,0.00055,0.00114,0.00052,0.00048
336414,"Guided missiles and space vehicles",0.00047,0.00054,0.00017,0.00061,0.00020,0.00042,0.00309,0.00154,0.00144,0.00064,0.00043,0.00075,0.00027,0.00056,0.00160,0.00021,0.00056,0.00053,0.00075,0.00016,0.00078,0.00071,0.00054,0.00050
333315,"Photography and photocopying equipment",0.00050,0.00070,0.00007,0.00090,0.00014,0.00042,0.00052,0.00139,0.00036,0.00041,0.00044,0.00040,0.00020,0.00061,0.00233,0.00026,0.00034,0.00067,0.00027,0.00007,0.00114,0.00054,0.00045,0.00048
336310,"Vehicle engines and engine parts",0.00034,0.00043,0.00005,0.00058,0.00007,0.00039,0.00032,0.00127,0.00025,0.00026,0.00030,0.00026,0.00010,0.00029,0.00106,0.00017,0.00019,0.00044,0.00020,0.00005,0.00033,0.00036,0.00033,0.00026
322230,"Stationery",0.00032,0.00050,0.00009,0.00062,0.00010,0.00028,0.00084,0.00125,0.00032,0.00035,0.00028,0.00034,0.00016,0.00044,0.00100,0.00021,0.00030,0.00049,0.00041,0.00009,0.00050,0.00044,0.00033,0.00031
811200,"Electronic  equipment repair and maintenance",0.00008,0.00009,0.00004,0.00009,0.00004,-0.00060,0.00067,0.00022,0.00022,0.00029,0.00011,0.00028,0.00004,0.00095,0.00015,0.00004,0.00013,0.00007,0.00260,0.00003,0.00027,0.00016,0.00009,0.00010
335110,"Light bulbs",0.00092,0.00104,0.00073,0.00121,0.00032,-0.00053,0.01023,0.00286,0.00153,0.00195,0.00101,0.00189,0.00045,0.00311,0.00137,0.00035,0.00110,0.00096,0.03085,0.00066,0.00211,0.00167,0.00091,0.00162
112120,"Dairies",0.00114,0.00118,0.00055,0.00130,0.00046,-0.00721,0.00918,0.00253,0.00257,0.00411,0.00144,0.00388,0.00050,0.01167,0.00221,0.00042,0.00179,0.00099,0.04186,0.00050,0.00375,0.00217,0.00125,0.00143
33351A,"Metal cutting and forming machine tools",0.00028,0.00036,0.00010,0.00043,0.00010,-0.00036,0.00194,0.00085,0.00048,0.00052,0.00029,0.00051,0.00012,0.00114,0.00070,0.00119,0.00030,0.00035,0.00936,0.00009,0.00062,0.00044,0.00030,0.00030
33341A,"Air purification and ventilation equipment",0.00052,0.00065,0.00017,0.00078,0.00017,-0.00035,0.00474,0.00149,0.00065,0.00072,0.00049,0.00071,0.00019,0.00168,0.00135,0.00022,0.00069,0.00063,0.01340,0.00016,0.00085,0.00080,0.00042,0.00055
322210,"Cardboard containers",0.00085,0.00141,0.00022,0.00170,0.00028,-0.00034,0.00781,0.00259,0.00125,0.00154,0.00084,0.00150,0.00034,0.00263,0.00248,0.00054,0.00094,0.00139,0.02116,0.00021,0.00168,0.00148,0.00080,0.00084
3363A0,"Motor vehicle steering, suspension components (except spring), and brake systems",0.00042,0.00051,0.00017,0.00059,0.00016,-0.00151,0.00298,0.00105,0.00089,0.00104,0.00044,0.00102,0.00021,0.00290,0.00081,0.00020,0.00048,0.00047,0.01653,0.00015,0.00108,0.00072,0.00050,0.00049
333611,"Turbines and turbine generator sets",0.00070,0.00078,0.00063,0.00118,0.00025,0.00076,0.00344,0.00258,0.00101,0.00115,0.00076,0.00113,0.00034,0.00100,0.00108,0.00029,0.00070,0.00075,0.02320,0.00058,0.00120,0.00100,0.00081,0.00133
336212,"Truck trailers",0.00010,0.00013,0.00005,0.00013,0.00005,0.00013,0.00014,0.00036,0.00011,0.00014,0.00008,0.00013,0.00008,0.00008,0.00011,0.00005,0.00015,0.00012,0.00028,0.00005,0.00023,0.00012,0.00023,0.00013
325510,"Paints and coatings",0.00041,0.00048,0.00020,0.00051,0.00022,0.00046,0.00052,0.00119,0.00043,0.00052,0.00035,0.00051,0.00029,0.00044,0.00058,0.00038,0.00052,0.00045,0.00101,0.00019,0.00098,0.00050,0.00080,0.00052
332410,"Power boilers and heat exchangers",0.00016,0.00015,0.00005,0.00017,0.00005,0.00021,0.00017,0.00096,0.00014,0.00015,0.00015,0.00015,0.00006,0.00009,0.00049,0.00014,0.00015,0.00015,0.00021,0.00005,0.00024,0.00018,0.00020,0.00015
5191A0,"News syndicates, libraries, archives, Internet publishing and all other information services",0.00026,0.00031,0.00011,0.00031,0.00016,0.00034,0.00032,0.00132,0.00027,0.00039,0.00019,0.00037,0.00020,0.00019,0.00022,0.00011,0.00046,0.00028,0.00044,0.00011,0.00065,0.00031,0.00058,0.00032
326220,"Rubber and plastic belts and hoses",0.00000,0.00000,0.00000,0.00000,0.00000,0.00000,0.00000,0.00000,0.00000,0.00000,0.00000,0.00000,0.00000,0.00000,0.00000,0.00000,0.00000,0.00000,0.00000,0.00000,0.00000,0.00000,0.00000,0.00000
313100,"Fiber, yarn, and thread",0.00157,0.00128,0.00021,0.00119,0.00123,0.00213,0.00160,0.00699,0.00133,0.00126,0.00148,0.00127,0.00238,0.00062,0.00461,0.00106,0.00234,0.00123,0.00066,0.00021,0.00204,0.00183,0.00208,0.00155
313300,"Finished and coated fabric",0.00071,0.00089,0.00036,0.00097,0.00030,-0.00090,0.00160,0.00229,0.00083,0.00098,0.00063,0.00096,0.00040,0.00291,0.00143,0.00031,0.00086,0.00084,0.00147,0.00034,0.00161,0.00094,0.00094,0.00093
333511,"Industrial molds",0.00137,0.00184,0.00097,0.00173,0.00050,-0.00038,0.00229,0.00451,0.00163,0.00210,0.00127,0.00203,0.00069,0.00367,0.00139,0.00050,0.00181,0.00158,0.00224,0.00089,0.00546,0.00176,0.00147,0.00212
327992,"Ground or treated minerals and earth",0.00017,0.00020,0.00008,0.00022,0.00006,-0.00014,0.00023,0.00099,0.00019,0.00025,0.00013,0.00024,0.00011,0.00054,0.00024,0.00018,0.00020,0.00018,0.00017,0.00008,0.00055,0.00021,0.00020,0.00016
333912,"Air and gas compressors",0.00029,0.00042,0.00010,0.00046,0.00012,0.00010,0.00063,0.00101,0.00033,0.00044,0.00023,0.00042,0.00014,0.00057,0.00048,0.00016,0.00038,0.00039,0.00038,0.00010,0.00078,0.00038,0.00038,0.00029
334516,"Analytical laboratory instruments",0.00135,0.00172,0.00072,0.00202,0.00046,-0.00010,0.00385,0.00506,0.00279,0.00193,0.00127,0.00206,0.00062,0.00337,0.00250,0.00082,0.00130,0.00165,0.00452,0.00094,0.00266,0.00183,0.00145,0.00174
325310,"Fertilizers",0.01573,0.01491,0.00942,0.01372,0.03478,0.01727,0.01683,0.01748,0.01426,0.02039,0.01455,0.01948,0.08565,0.01204,0.01144,0.00783,0.04732,0.01443,0.01305,0.00941,0.02143,0.01545,0.04052,0.01435
334514,"Fluid meters and counting devices",0.00191,0.00170,0.00020,0.00102,0.00686,0.00263,0.00183,0.00169,0.00164,0.00198,0.00167,0.00193,0.00443,0.00066,0.00145,0.00080,0.00834,0.00165,0.00079,0.00027,0.00233,0.00196,0.00573,0.00142
335920,"Communication and energy wire and cable",0.01094,0.00729,0.00648,0.00920,0.11868,0.01355,0.00649,0.00439,0.00686,0.00764,0.00920,0.00752,0.02485,0.00448,0.00381,0.00322,0.08387,0.00693,0.00464,0.00865,0.01224,0.00869,0.01216,0.00850
333314,"Optical instruments and lenses",0.00936,0.00644,0.00264,0.00543,0.02455,0.01185,0.00623,0.00389,0.00794,0.00896,0.00667,0.00881,0.00351,0.00259,0.00320,0.00260,0.03056,0.00622,0.00267,0.00328,0.00947,0.00949,0.01380,0.00632
541800,"Advertising and public relations",0.00335,0.01433,0.00036,0.00233,0.00317,0.00415,0.00490,0.00489,0.00945,0.01564,0.00193,0.01472,0.00178,0.00144,0.00570,0.00147,0.00323,0.01527,0.00066,0.00029,0.00131,0.00710,0.00490,0.00185
334112,"Computer storage device readers",0.00019,0.00077,0.00004,0.00017,0.00008,-0.00028,0.00030,0.00033,0.00048,0.00056,0.00015,0.00055,0.00012,0.00076,0.00023,0.00035,0.00013,0.00081,0.00006,0.00003,0.00021,0.00038,0.00018,0.00015
519130,"Internet publishing and broadcasting",0.00343,0.00175,0.00007,0.00131,0.00026,0.00208,0.00111,0.00073,0.00173,0.00233,0.00285,0.00224,0.00029,0.00018,0.00441,0.00025,0.00040,0.00185,0.00026,0.00005,0.00040,0.00490,0.00065,0.00067
2123A0,"Sand, gravel, clay, phosphate, other nonmetallic minerals",0.04195,0.01349,0.00069,0.02016,0.00238,0.03307,0.03856,0.00576,0.08799,0.06725,0.01596,0.07034,0.00456,0.00280,0.00296,0.00172,0.01045,0.01430,0.00105,0.00035,0.00242,0.09494,0.00600,0.00233
333130,"Mining and oil/gas field machinery",0.00254,0.00392,0.00018,0.00174,0.00234,0.00315,0.00273,0.00188,0.00639,0.00541,0.00262,0.00555,0.00076,0.00088,0.00156,0.00071,0.00231,0.00412,0.00037,0.00015,0.00116,0.00534,0.00161,0.00121
335314,"Relay and industrial controls",0.00055,0.00037,0.00001,0.00028,0.00002,0.00075,0.00082,0.00006,0.00506,0.00106,0.00015,0.00165,0.00002,0.00003,0.00005,0.00008,0.00004,0.00039,0.00010,0.00000,0.00005,0.00136,0.00012,0.00003
334610,"External hard drives, CDs, other storage media",0.00076,0.00045,0.00005,0.00039,0.00046,0.00040,0.00083,0.00037,0.00202,0.00849,0.00058,0.00752,0.00027,0.00013,0.00132,0.00036,0.00061,0.00047,0.00015,0.00004,0.00030,0.00139,0.00050,0.00020
33211B,"Lids, jars, bottle caps, other metal closures and crowns",0.00020,0.00035,0.00003,0.00019,0.00031,0.00032,0.00025,0.00021,0.00032,0.00031,0.00015,0.00031,0.00025,0.00010,0.00018,0.00014,0.00179,0.00036,0.00005,0.00003,0.00020,0.00029,0.00069,0.00019
332320,"Metal windows, doors, and architectural products",0.00010,0.00025,0.00001,0.00007,0.00007,0.00010,0.00013,0.00014,0.00022,0.00038,0.00006,0.00035,0.00008,0.00007,0.00007,0.00004,0.00033,0.00026,0.00004,0.00001,0.00012,0.00019,0.00016,0.00006
332430,"Light gauge metal cans, boxes, and containers",0.00001,0.00001,0.00000,0.00001,0.00000,0.00002,0.00001,0.00001,0.00002,0.00003,0.00001,0.00003,0.00001,0.00000,0.00001,0.00000,0.00002,0.00001,0.00000,0.00000,0.00001,0.00002,0.00001,0.00001
33641A,"Propulsion units and parts for space vehicles and guided missiles",0.02334,0.01904,0.00356,0.01124,0.08050,0.03080,0.05285,0.01600,0.01957,0.02175,0.01914,0.02142,0.10002,0.00869,0.01207,0.00976,0.09417,0.01824,0.00712,0.00347,0.03006,0.03070,0.04071,0.01778
332500,"Metal hinges, keys, lock, and other hardware",0.00044,0.00053,0.00009,0.00040,0.00023,0.00009,0.00058,0.00057,0.00041,0.00062,0.00030,0.00059,0.00026,0.00074,0.00038,0.00014,0.00083,0.00034,0.00023,0.00010,0.00308,0.00048,0.00068,0.00037
561300,"Employment services",0.00039,0.00046,0.00013,0.00043,0.00030,0.00042,0.00053,0.00072,0.00047,0.00058,0.00027,0.00056,0.00031,0.00040,0.00039,0.00016,0.00073,0.00038,0.00021,0.00015,0.00146,0.00050,0.00091,0.00036
336360,"Vehicle seating and interior trim (upholstery)",0.00034,0.00038,0.00008,0.00035,0.00027,0.00028,0.00041,0.00053,0.00038,0.00047,0.00023,0.00045,0.00029,0.00043,0.00035,0.00014,0.00076,0.00032,0.00017,0.00009,0.00132,0.00042,0.00157,0.00033
33291A,"Valve and fittings (except for plumbing)",0.00017,0.00020,0.00005,0.00019,0.00014,0.00016,0.00022,0.00032,0.00020,0.00025,0.00011,0.00024,0.00016,0.00021,0.00020,0.00008,0.00035,0.00017,0.00011,0.00006,0.00056,0.00022,0.00051,0.00017
311930,"Flavored drink concentrates",0.00061,0.00068,0.00017,0.00064,0.00093,0.00083,0.00065,0.00089,0.00060,0.00066,0.00040,0.00065,0.00124,0.00049,0.00056,0.00034,0.00187,0.00061,0.00032,0.00017,0.00157,0.00068,0.00386,0.00070
332710,"Machine shops",0.00052,0.00058,0.00017,0.00057,0.00155,0.00070,0.00094,0.00070,0.00066,0.00071,0.00037,0.00070,0.00082,0.00044,0.00046,0.00026,0.00164,0.00052,0.00035,0.00016,0.00142,0.00062,0.00316,0.00067
325120,"Compressed Gases",0.00013,0.00015,0.00003,0.00016,0.00020,0.00016,0.00017,0.00018,0.00014,0.00016,0.00009,0.00016,0.00014,0.00014,0.00013,0.00007,0.00028,0.00014,0.00016,0.00003,0.00034,0.00015,0.00071,0.00016
115000,"Agriculture and forestry support",0.00021,0.00021,0.00007,0.00028,0.00045,0.00027,0.00035,0.00024,0.00021,0.00022,0.00014,0.00022,0.00024,0.00017,0.00019,0.00013,0.00076,0.00019,0.00009,0.00007,0.00053,0.00021,0.00102,0.00028
334290,"Communications equipment",0.00033,0.00036,0.00010,0.00039,0.00060,0.00047,0.00060,0.00062,0.00038,0.00045,0.00024,0.00044,0.00040,0.00024,0.00050,0.00020,0.00088,0.00033,0.00022,0.00010,0.00072,0.00039,0.00209,0.00035
332996,"Fabricated pipe and pipe fittings",0.00222,0.00226,0.00047,0.00325,0.00317,0.00312,0.00252,0.00427,0.00186,0.00207,0.00151,0.00204,0.00400,0.00141,0.00264,0.00232,0.00591,0.00206,0.00124,0.00045,0.00492,0.00235,0.01061,0.00294
33351B,"Cutting and machine tool accessory, rolling mill, and other metalworking machines",0.00146,0.00149,0.00037,0.00208,0.00114,0.00206,0.00152,0.00412,0.00118,0.00131,0.00102,0.00129,0.00138,0.00095,0.00193,0.00167,0.00208,0.00137,0.00098,0.00034,0.00310,0.00156,0.00405,0.00186
33441A,"Electronic capacitors, resistors, coils, transformers, connectors and other components (except  semiconductors and printed circuit assemblies)",0.00012,0.00013,0.00003,0.00016,0.00022,0.00017,0.00013,0.00023,0.00011,0.00012,0.00008,0.00011,0.00017,0.00008,0.00014,0.00013,0.00043,0.00012,0.00006,0.00003,0.00026,0.00013,0.00063,0.00015
333994,"Industrial process furnaces and ovens",0.00000,0.00000,0.00000,0.00000,0.00000,0.00000,0.00000,0.00000,0.00000,0.00000,0.00000,0.00000,0.00000,0.00000,0.00000,0.00000,0.00000,0.00000,0.00000,0.00000,0.00000,0.00000,0.00000,0.00000
332310,"Metal structural products",0.00005,0.00005,0.00001,0.00005,0.00006,0.00005,0.00006,0.00007,0.00005,0.00006,0.00003,0.00006,0.00005,0.00005,0.00004,0.00002,0.00013,0.00004,0.00002,0.00001,0.00016,0.00006,0.00017,0.00005
331520,"Nonferrous metal casts",0.00006,0.00008,0.00002,0.00008,0.00011,0.00008,0.00007,0.00009,0.00006,0.00007,0.00004,0.00007,0.00014,0.00005,0.00012,0.00004,0.00022,0.00008,0.00003,0.00002,0.00013,0.00007,0.00019,0.00007
336412,"Aircraft engines and parts",0.00055,0.00071,0.00015,0.00069,0.00151,0.00092,0.00055,0.00064,0.00055,0.00059,0.00036,0.00058,0.00226,0.00037,0.00046,0.00037,0.00258,0.00066,0.00022,0.00015,0.00129,0.00059,0.00246,0.00070
213111,"Well drilling",0.00216,0.00237,0.00045,0.00234,0.00361,0.00345,0.00190,0.00237,0.00193,0.00217,0.00137,0.00213,0.00683,0.00129,0.00179,0.00144,0.00644,0.00217,0.00079,0.00044,0.00524,0.00225,0.00820,0.00275
332720,"Screws, nuts, and bolts",0.00063,0.00069,0.00013,0.00079,0.00109,0.00102,0.00055,0.00072,0.00054,0.00061,0.00041,0.00060,0.00215,0.00035,0.00050,0.00043,0.00202,0.00063,0.00022,0.00012,0.00155,0.00065,0.00271,0.00086
561900,"Other support services",0.00197,0.00214,0.00056,0.00225,0.00658,0.00295,0.00199,0.00295,0.00181,0.00203,0.00142,0.00200,0.02307,0.00142,0.00157,0.00112,0.01322,0.00192,0.00086,0.00056,0.00512,0.00211,0.01852,0.00240
327910,"Abrasive products",0.00000,0.00000,0.00000,0.00000,0.00000,0.00000,0.00000,0.00000,0.00000,0.00000,0.00000,0.00000,0.00000,0.00000,0.00000,0.00000,0.00000,0.00000,0.00000,0.00000,0.00000,0.00000,0.00000,0.00000
327400,"Lime and gypsum products",0.00209,0.00268,0.00075,0.00271,0.00295,0.00320,0.00195,0.00277,0.00215,0.00233,0.00141,0.00230,0.00730,0.00157,0.00323,0.00155,0.00490,0.00256,0.00096,0.00073,0.00444,0.00228,0.00977,0.00258
212100,"Coal",0.00156,0.00200,0.00057,0.00197,0.00551,0.00231,0.00186,0.00204,0.00175,0.00184,0.00120,0.00183,0.01264,0.00141,0.00134,0.00212,0.00931,0.00188,0.00078,0.00055,0.00372,0.00178,0.01136,0.00184
332600,"Springs and wires",0.00712,0.00672,0.00418,0.00615,0.00721,0.00192,0.01086,0.00814,0.01150,0.00942,0.00871,0.00973,0.01036,0.01298,0.00645,0.03631,0.01165,0.00665,0.01572,0.00335,0.00764,0.01081,0.08894,0.00770
33399B,"Hydraulic pumps, motors, cylinders and actuators",0.01231,0.00983,0.00069,0.00333,0.00413,0.01935,0.00612,0.00410,0.00457,0.00464,0.01041,0.00463,0.00589,0.00222,0.00472,0.00663,0.00605,0.00948,0.00160,0.00063,0.01473,0.00752,0.00679,0.00967
493000,"Warehousing",0.00073,0.00108,0.00015,0.00055,0.00135,0.00109,0.00086,0.00081,0.00089,0.00094,0.00056,0.00093,0.00164,0.00047,0.00059,0.00040,0.00240,0.00109,0.00027,0.00014,0.00098,0.00085,0.00244,0.00058
331110,"Primary iron, steel, and ferroalloy products",0.00001,0.00001,0.00000,0.00000,0.00001,0.00000,0.00001,0.00001,0.00001,0.00001,0.00001,0.00001,0.00001,0.00001,0.00001,0.00000,0.00002,0.00001,0.00000,0.00000,0.00001,0.00001,0.00002,0.00000
711500,"Independent artists, writers, and performers",0.00062,0.00059,0.00018,0.00042,0.00202,0.00059,0.00076,0.00047,0.00050,0.00058,0.00054,0.00057,0.00126,0.00060,0.00038,0.00026,0.00260,0.00056,0.00022,0.00018,0.00097,0.00058,0.00143,0.00051
532400,"Commercial equipment rental",0.00000,0.00000,0.00000,0.00000,0.00000,0.00000,0.00000,0.00000,0.00000,0.00000,0.00000,0.00000,0.00000,0.00000,0.00000,0.00000,0.00000,0.00000,0.00000,0.00000,0.00000,0.00000,0.00000,0.00000
334418,"Printed circuit and electronic assembly",0.00203,0.00186,0.00033,0.00101,0.00379,0.00277,0.00162,0.00142,0.00132,0.00158,0.00174,0.00154,0.00464,0.00086,0.00115,0.00105,0.00714,0.00176,0.00051,0.00031,0.00317,0.00163,0.00885,0.00164
331490,"Other secondary nonferrous metal products",0.00018,0.00019,0.00004,0.00012,0.00070,0.00023,0.00017,0.00017,0.00016,0.00024,0.00017,0.00023,0.00045,0.00009,0.00014,0.00009,0.00150,0.00018,0.00005,0.00003,0.00027,0.00018,0.00107,0.00014
327390,"Other concrete products",0.00075,0.00078,0.00026,0.00070,0.00172,0.00089,0.00081,0.00174,0.00067,0.00077,0.00069,0.00075,0.00152,0.00049,0.00094,0.00165,0.00325,0.00077,0.00053,0.00026,0.00097,0.00081,0.00199,0.00058
335930,"Wiring devices",0.00012,0.00012,0.00003,0.00009,0.00018,0.00008,0.00013,0.00026,0.00011,0.00014,0.00010,0.00013,0.00009,0.00014,0.00010,0.00007,0.00034,0.00011,0.00011,0.00003,0.00025,0.00013,0.00031,0.00009
333295,"Semiconductor machinery",0.00477,0.00451,0.00111,0.00313,0.00824,0.00588,0.00445,0.00550,0.00367,0.00448,0.00397,0.00436,0.00923,0.00264,0.00562,0.00262,0.01419,0.00434,0.00217,0.00108,0.00678,0.00432,0.01317,0.00400
814000,"Household employees",0.00035,0.00035,0.00009,0.00023,0.00100,0.00042,0.00035,0.00042,0.00029,0.00035,0.00032,0.00034,0.00061,0.00021,0.00030,0.00022,0.00183,0.00034,0.00015,0.00008,0.00050,0.00033,0.00149,0.00028
2122A0,"Iron, gold, silver, and other metal ores",0.00000,0.00000,0.00000,0.00000,0.00000,0.00000,0.00000,0.00000,0.00000,0.00000,0.00000,0.00000,0.00000,0.00000,0.00000,0.00000,0.00000,0.00000,0.00000,0.00000,0.00000,0.00000,0.00000,0.00000
1111A0,"Fresh soybeans, canola, flaxseeds, and other oilseeds",0.00000,0.00000,0.00000,0.00000,0.00000,0.00000,0.00000,0.00000,0.00000,0.00000,0.00000,0.00000,0.00000,0.00000,0.00000,0.00000,0.00000,0.00000,0.00000,0.00000,0.00000,0.00000,0.00000,0.00000
113000,"Timber and raw forest products",0.00000,0.00000,0.00000,0.00000,0.00000,0.00000,0.00000,0.00000,0.00000,0.00000,0.00000,0.00000,0.00000,0.00000,0.00000,0.00000,0.00000,0.00000,0.00000,0.00000,0.00000,0.00000,0.00000,0.00000
211000,"Unrefined oil and gas",0.01091,0.01186,0.00581,0.01126,0.00932,0.01283,0.01162,0.02123,0.00967,0.01161,0.01072,0.01132,0.01291,0.00849,0.02344,0.00747,0.01559,0.01175,0.00778,0.00567,0.01342,0.01099,0.01817,0.01328
212230,"Copper, nickel, lead, and zinc",0.00006,0.00006,0.00002,0.00005,0.00006,0.00005,0.00008,0.00009,0.00006,0.00008,0.00005,0.00007,0.00005,0.00006,0.00004,0.00002,0.00014,0.00005,0.00003,0.00002,0.00021,0.00006,0.00013,0.00005
212310,"Dimensional stone",0.00027,0.00026,0.00007,0.00018,0.00035,0.00031,0.00025,0.00049,0.00020,0.00024,0.00020,0.00024,0.00016,0.00016,0.00017,0.00015,0.00065,0.00024,0.00012,0.00007,0.00053,0.00024,0.00047,0.00021
230301,"Nonresidential maintenance and repair",0.00066,0.00062,0.00050,0.00070,0.00139,0.00074,0.00062,0.00123,0.00058,0.00071,0.00072,0.00069,0.00059,0.00061,0.00038,0.00032,0.00272,0.00059,0.00047,0.00053,0.00115,0.00063,0.00129,0.00064
230302,"Residential maintenance and repair",0.00000,0.00000,0.00000,0.00000,0.00000,0.00000,0.00000,0.00000,0.00000,0.00000,0.00000,0.00000,0.00000,0.00000,0.00000,0.00000,0.00000,0.00000,0.00000,0.00000,0.00000,0.00000,0.00000,0.00000
321100,"Lumber and treated lumber",0.00000,0.00000,0.00000,0.00000,0.00000,0.00000,0.00000,0.00000,0.00000,0.00000,0.00000,0.00000,0.00000,0.00000,0.00000,0.00000,0.00000,0.00000,0.00000,0.00000,0.00000,0.00000,0.00000,0.00000
321200,"Plywood and veneer",0.00000,0.00000,0.00000,0.00000,0.00000,0.00000,0.00000,0.00000,0.00000,0.00000,0.00000,0.00000,0.00000,0.00000,0.00000,0.00000,0.00000,0.00000,0.00000,0.00000,0.00000,0.00000,0.00000,0.00000
321910,"Wooden windows, door, and flooring",0.00000,0.00000,0.00000,0.00000,0.00000,0.00000,0.00000,0.00000,0.00000,0.00000,0.00000,0.00000,0.00000,0.00000,0.00000,0.00000,0.00000,0.00000,0.00000,0.00000,0.00000,0.00000,0.00000,0.00000
322110,"Wood pulp",0.00001,0.00001,0.00000,0.00001,0.00017,0.00001,0.00001,0.00001,0.00001,0.00001,0.00001,0.00001,0.00013,0.00001,0.00001,0.00001,0.00026,0.00001,0.00000,0.00000,0.00002,0.00001,0.00010,0.00001
322130,"Cardboard",0.00010,0.00011,0.00003,0.00007,0.00023,0.00011,0.00011,0.00013,0.00010,0.00015,0.00009,0.00014,0.00017,0.00007,0.00009,0.00004,0.00034,0.00010,0.00004,0.00002,0.00021,0.00011,0.00029,0.00008
323120,"Printing support",0.00025,0.00026,0.00007,0.00021,0.00050,0.00032,0.00029,0.00024,0.00024,0.00031,0.00025,0.00030,0.00029,0.00015,0.00018,0.00013,0.00068,0.00025,0.00010,0.00007,0.00043,0.00026,0.00071,0.00021
324121,"Asphalt pavement",0.00012,0.00013,0.00003,0.00010,0.00062,0.00015,0.00019,0.00018,0.00011,0.00013,0.00012,0.00012,0.00026,0.00007,0.00017,0.00006,0.00092,0.00013,0.00006,0.00003,0.00018,0.00012,0.00042,0.00010
324122,"Asphalt shingles",0.00035,0.00057,0.00011,0.00034,0.00097,0.00039,0.00050,0.00092,0.00048,0.00052,0.00041,0.00051,0.00079,0.00029,0.00033,0.00017,0.00146,0.00056,0.00036,0.00015,0.00065,0.00047,0.00085,0.00030
325110,"Petrochemicals",0.00001,0.00001,0.00000,0.00001,0.00002,0.00001,0.00001,0.00002,0.00001,0.00001,0.00001,0.00001,0.00001,0.00001,0.00001,0.00001,0.00003,0.00001,0.00001,0.00000,0.00003,0.00001,0.00002,0.00001
325130,"Synthetic dyes and pigments",0.00238,0.00079,0.00043,0.00139,0.00073,0.00839,0.00671,0.00140,0.00262,0.00506,0.03973,0.00470,0.00076,0.00034,0.00116,0.00028,0.00083,0.00080,0.00089,0.00015,0.00061,0.00621,0.00099,0.00044
325211,"Plastics",0.00154,0.00170,0.00048,0.00124,0.03750,0.00193,0.00131,0.00152,0.00144,0.00136,0.00138,0.00137,0.00747,0.00097,0.00196,0.00068,0.02688,0.00169,0.00058,0.00046,0.00180,0.00142,0.00289,0.00116
3252A0,"Synthetic rubber and artificial and synthetic fibers",0.00943,0.00946,0.00687,0.01147,0.01800,0.01182,0.00721,0.00686,0.00758,0.00901,0.00935,0.00879,0.02370,0.00807,0.01758,0.00492,0.01480,0.00946,0.00416,0.00641,0.00946,0.00779,0.01249,0.00814
325411,"Medicinal and botanical ingredients",0.00142,0.00164,0.00030,0.00112,0.00375,0.00199,0.00252,0.00170,0.00154,0.00169,0.00204,0.00167,0.00222,0.00086,0.00138,0.00080,0.00363,0.00160,0.00059,0.00028,0.00215,0.00162,0.00391,0.00126
325413,"Blood sugar, pregnancy, and other diagnostic test kits",0.00604,0.00556,0.00154,0.00378,0.01337,0.00822,0.00517,0.00893,0.00438,0.00531,0.00608,0.00517,0.02131,0.00296,0.00333,0.00293,0.01499,0.00534,0.00315,0.00147,0.00857,0.00540,0.02069,0.00527
325414,"Vaccines and other biological medical products",0.00223,0.00204,0.00041,0.00140,0.00424,0.00301,0.00197,0.00341,0.00163,0.00192,0.00213,0.00188,0.00347,0.00102,0.00172,0.00111,0.00515,0.00193,0.00112,0.00040,0.00357,0.00205,0.00639,0.00189
325910,"Ink and ink cartridges",0.00146,0.00143,0.00048,0.00111,0.00261,0.00212,0.00126,0.00422,0.00105,0.00122,0.00159,0.00120,0.00180,0.00063,0.00088,0.00075,0.00289,0.00140,0.00171,0.00047,0.00190,0.00134,0.00377,0.00121
326120,"Plastic pipe, fittings, and sausage casings",0.00257,0.00247,0.00052,0.00161,0.00312,0.00345,0.00211,0.00319,0.00177,0.00207,0.00255,0.00202,0.00351,0.00125,0.00254,0.00134,0.00375,0.00232,0.00117,0.00049,0.00450,0.00221,0.00491,0.00220
326130,"Laminated plastic plates and shapes",0.00055,0.00057,0.00021,0.00054,0.00087,0.00073,0.00055,0.00233,0.00049,0.00062,0.00054,0.00060,0.00055,0.00029,0.00037,0.00026,0.00107,0.00056,0.00069,0.00021,0.00072,0.00057,0.00158,0.00050
326160,"Plastic bottles",0.00155,0.00174,0.00057,0.00120,0.00303,0.00201,0.00141,0.00328,0.00141,0.00162,0.00163,0.00159,0.00377,0.00098,0.00284,0.00087,0.00341,0.00172,0.00103,0.00056,0.00209,0.00161,0.00379,0.00131
327310,"Cement",0.00085,0.00087,0.00028,0.00073,0.00103,0.00093,0.00084,0.00300,0.00076,0.00099,0.00079,0.00095,0.00081,0.00062,0.00088,0.00048,0.00128,0.00085,0.00090,0.00029,0.00118,0.00093,0.00158,0.00067
327320,"Ready-mix concrete",0.02151,0.02198,0.01036,0.01697,0.02956,0.02631,0.01859,0.02589,0.01826,0.01996,0.02033,0.01971,0.08425,0.02003,0.03224,0.00944,0.03366,0.02139,0.01327,0.01016,0.03014,0.01917,0.03876,0.01970
327330,"Concrete pipe, bricks, and blocks",0.00671,0.00505,0.00300,0.00427,0.00938,0.00845,0.00409,0.00363,0.00379,0.00404,0.00599,0.00400,0.00870,0.00589,0.00240,0.00227,0.01019,0.00485,0.00233,0.00333,0.00784,0.00451,0.00824,0.00570
327993,"Mineral wool",0.00147,0.00099,0.00058,0.00095,0.00228,0.00172,0.00081,0.00073,0.00080,0.00086,0.00119,0.00085,0.00097,0.00176,0.00050,0.00051,0.00245,0.00095,0.00056,0.00063,0.00156,0.00093,0.00201,0.00127
327999,"Other nonmetallic mineral products",0.00217,0.00183,0.00085,0.00152,0.00498,0.00269,0.00160,0.00157,0.00144,0.00165,0.00229,0.00162,0.00386,0.00192,0.00150,0.00111,0.00760,0.00175,0.00084,0.00084,0.00295,0.00174,0.00440,0.00185
33131A,"Aluminum",0.00266,0.00187,0.00144,0.00189,0.00572,0.00263,0.00174,0.00180,0.00156,0.00166,0.00224,0.00164,0.00197,0.00301,0.00144,0.00135,0.00841,0.00180,0.00105,0.00148,0.00279,0.00183,0.00338,0.00221
33131B,"Aluminum products",0.00223,0.00140,0.00123,0.00187,0.00239,0.00098,0.00173,0.00163,0.00147,0.00179,0.00180,0.00174,0.00138,0.00397,0.00126,0.00085,0.00333,0.00134,0.00108,0.00130,0.00220,0.00154,0.00259,0.00173
331411,"Primary copper",0.00055,0.00048,0.00013,0.00036,0.00225,0.00071,0.00435,0.00038,0.00133,0.00115,0.00067,0.00118,0.00040,0.00024,0.00029,0.00023,0.00181,0.00047,0.00018,0.00011,0.00071,0.00085,0.00121,0.00044
331419,"Other primary nonferrous metals",0.00024,0.00019,0.00030,0.00025,0.00106,0.00026,0.00178,0.00017,0.00056,0.00054,0.00030,0.00054,0.00021,0.00018,0.00020,0.00012,0.00079,0.00019,0.00016,0.00029,0.00027,0.00034,0.00088,0.00023
331420,"Secondary copper products",0.00000,0.00000,0.00000,0.00000,0.00003,0.00001,0.00004,0.00000,0.00001,0.00001,0.00001,0.00001,0.00000,0.00000,0.00000,0.00000,0.00002,0.00000,0.00001,0.00000,0.00001,0.00001,0.00002,0.00000
331510,"Cast iron and steel",0.00026,0.00024,0.00004,0.00017,0.00134,0.00033,0.00320,0.00019,0.00092,0.00075,0.00035,0.00077,0.00019,0.00010,0.00016,0.00010,0.00103,0.00023,0.00010,0.00004,0.00030,0.00052,0.00049,0.00021
332114,"Custom metal rolls",0.00055,0.00052,0.00010,0.00038,0.00204,0.00074,0.00505,0.00040,0.00151,0.00142,0.00065,0.00143,0.00050,0.00021,0.00055,0.00025,0.00158,0.00050,0.00013,0.00009,0.00071,0.00090,0.00067,0.00041
33211A,"All other forging, stamping, and sintering",0.00052,0.00027,0.00043,0.00040,0.00218,0.00052,0.00549,0.00027,0.00147,0.00119,0.00061,0.00123,0.00017,0.00051,0.00018,0.00013,0.00156,0.00026,0.00024,0.00044,0.00042,0.00078,0.00063,0.00048
332800,"Metal coatings, engravings, and heat treatments",0.00326,0.00370,0.00253,0.00288,0.00614,0.00339,0.03905,0.00267,0.01197,0.00988,0.00561,0.01019,0.00263,0.00229,0.00577,0.00466,0.00526,0.00372,0.00151,0.00194,0.00340,0.00676,0.00480,0.00266
332913,"Metal plumbing drains, faucets, valves, and other fittings",0.00357,0.00213,0.00611,0.00392,0.01289,0.00357,0.02602,0.00202,0.00741,0.00624,0.00579,0.00641,0.00199,0.00333,0.00166,0.00130,0.00931,0.00210,0.00150,0.00455,0.00266,0.00435,0.00258,0.00685
332991,"Ball and roller bearings",0.00431,0.00353,0.00614,0.00434,0.01414,0.00502,0.00335,0.00274,0.00291,0.00327,0.00478,0.00322,0.00544,0.00345,0.00283,0.00157,0.01089,0.00335,0.00245,0.00441,0.00599,0.00326,0.00558,0.00408
333612,"Speed changers, industrial high-speed drives, and gears",0.01702,0.00959,0.01617,0.01556,0.12462,0.01390,0.01096,0.01089,0.01367,0.01044,0.02187,0.01093,0.02467,0.02405,0.00780,0.00664,0.06071,0.00936,0.00905,0.01574,0.01275,0.01071,0.01332,0.01453
333613,"Mechanical power transmission equipment",0.02194,0.01237,0.01904,0.01853,0.12787,0.02088,0.02252,0.01288,0.01733,0.01383,0.02504,0.01435,0.02997,0.02368,0.00899,0.00905,0.06659,0.01174,0.01046,0.01839,0.02103,0.01424,0.01771,0.01923
334413,"Semiconductors",0.00807,0.00378,0.01179,0.00752,0.03362,0.00529,0.00422,0.00421,0.00385,0.00440,0.00751,0.00432,0.00603,0.00702,0.00524,0.00304,0.01811,0.00368,0.00454,0.00888,0.00520,0.00520,0.00505,0.00533
334512,"Automatic controls for HVAC and refrigeration equipment",0.00326,0.00332,0.00055,0.00264,0.00846,0.00422,0.03198,0.00634,0.00302,0.00392,0.00296,0.00379,0.00544,0.00181,0.00508,0.00148,0.00988,0.00326,0.00175,0.00056,0.00419,0.00484,0.00734,0.00272
335991,"Carbon and graphite products",0.00008,0.00008,0.00002,0.00006,0.00021,0.00011,0.00032,0.00011,0.00007,0.00010,0.00007,0.00009,0.00029,0.00004,0.00006,0.00004,0.00026,0.00008,0.00004,0.00002,0.00011,0.00010,0.00023,0.00006
336370,"Vehicle metal stamping",0.00000,0.00000,0.00000,0.00000,0.00000,0.00000,0.00000,0.00000,0.00000,0.00000,0.00000,0.00000,0.00000,0.00000,0.00000,0.00000,0.00000,0.00000,0.00000,0.00000,0.00000,0.00000,0.00000,0.00000
336413,"Other aircraft parts",0.00057,0.00057,0.00015,0.00048,0.00121,0.00067,0.00179,0.00107,0.00079,0.00066,0.00050,0.00068,0.00115,0.00040,0.00066,0.00025,0.00143,0.00056,0.00046,0.00015,0.00081,0.00068,0.00137,0.00053
339116,"Dental laboratories",0.00227,0.00198,0.00041,0.00103,0.00434,0.00339,0.00197,0.00194,0.00144,0.00151,0.00192,0.00150,0.00197,0.00066,0.00110,0.00097,0.00465,0.00190,0.00062,0.00032,0.00307,0.00177,0.00422,0.00189
518200,"Data processing and hosting",0.00063,0.00059,0.00011,0.00050,0.00115,0.00069,0.00075,0.00090,0.00074,0.00066,0.00049,0.00067,0.00036,0.00042,0.00046,0.00060,0.00128,0.00056,0.00042,0.00012,0.00098,0.00079,0.00128,0.00046
524200,"Insurance agencies and brokerages",0.00066,0.00090,0.00012,0.00041,0.00143,0.00127,0.00775,0.00069,0.00318,0.00233,0.00077,0.00246,0.00033,0.00017,0.00031,0.00022,0.00147,0.00091,0.00032,0.00010,0.00075,0.00125,0.00096,0.00067
533000,"Lessors of nonfinancial intangible assets",0.00196,0.00192,0.00041,0.00125,0.00467,0.00257,0.00229,0.00213,0.00169,0.00193,0.00186,0.00190,0.00208,0.00098,0.00172,0.00145,0.00520,0.00186,0.00070,0.00039,0.00275,0.00189,0.00403,0.00155
54151A,"Other computer related services, including facilities management",0.00413,0.00390,0.00068,0.00219,0.00274,0.00599,0.00282,0.00238,0.00258,0.00262,0.00366,0.00262,0.00336,0.00191,0.00201,0.00376,0.00437,0.00375,0.00103,0.00068,0.00599,0.00321,0.00588,0.00368
541610,"Management consulting",0.00053,0.00061,0.00015,0.00044,0.00164,0.00061,0.00061,0.00059,0.00055,0.00068,0.00046,0.00066,0.00098,0.00039,0.00041,0.00027,0.00240,0.00058,0.00023,0.00014,0.00103,0.00058,0.00288,0.00047
5416A0,"Environmental and other technical consulting services",0.00090,0.00092,0.00032,0.00070,0.00216,0.00137,0.00071,0.00053,0.00071,0.00073,0.00120,0.00073,0.00108,0.00048,0.00040,0.00054,0.00333,0.00092,0.00032,0.00032,0.00100,0.00080,0.00269,0.00100
5419A0,"Marketing research and all other miscellaneous professional, scientific, and technical services",0.00000,0.00000,0.00000,0.00000,0.00000,0.00000,0.00000,0.00000,0.00000,0.00000,0.00000,0.00000,0.00032,0.00000,0.00000,0.00000,0.00000,0.00000,0.00000,0.00000,0.00000,0.00000,0.00124,0.00000
550000,"Company and enterprise management",0.00000,0.00000,0.00000,0.00000,0.00000,0.00000,0.00000,0.00000,0.00000,0.00000,0.00000,0.00000,0.00000,0.00000,0.00000,0.00000,0.00000,0.00000,0.00000,0.00000,0.00000,0.00000,0.00000,0.00000
561100,"Office administration",0.00076,0.00157,0.00015,0.00512,0.00035,0.00098,0.00105,0.00104,0.00156,0.00159,0.00128,0.00159,0.00057,0.00054,0.00378,0.00312,0.00059,0.00164,0.00034,0.00013,0.00058,0.00126,0.00120,0.00051
561200,"Facilities support",0.00000,0.00000,0.00000,0.00000,0.00000,0.00000,0.00000,0.00000,0.00000,0.00000,0.00000,0.00000,0.00000,0.00000,0.00000,0.00000,0.00000,0.00000,0.00000,0.00000,0.00000,0.00000,0.00000,0.00000
811300,"Commercial machinery repair",0.00000,0.00000,0.00000,0.00000,0.00000,0.00000,0.00000,0.00000,0.00000,0.00000,0.00000,0.00000,0.00000,0.00000,0.00000,0.00000,0.00000,0.00000,0.00000,0.00000,0.00000,0.00000,0.00000,0.00000
S00102,"Other federal government enterprises",0.01437,0.02977,0.00315,0.01280,0.00791,0.01994,0.01967,0.02456,0.02516,0.02451,0.01064,0.02461,0.02255,0.00941,0.11375,0.00931,0.01292,0.03111,0.00839,0.00294,0.01125,0.02241,0.03794,0.01086
S00300,"Noncomparable imports",0.00315,0.00789,-0.01279,-0.00261,0.00873,0.00480,0.00437,0.00662,0.00393,0.00400,-0.00091,0.00399,0.00921,0.00045,0.05736,0.00467,0.01273,0.00790,-0.00169,-0.01078,0.00775,0.00476,0.01938,-0.00171
S00402,"Used and secondhand goods",0.05362,0.09334,0.03779,0.09670,0.03027,0.07296,0.05632,0.10132,0.07401,0.07631,0.04030,0.07597,0.24544,0.06053,0.17915,0.04874,0.03787,0.09451,0.03700,0.03718,0.07727,0.06584,0.10745,0.05984
S00900,"Rest of the world adjustment",-0.00124,-0.00325,0.00499,-0.00012,-0.00407,-0.00217,-0.00163,-0.00303,-0.00156,-0.00151,0.00072,-0.00152,-0.00381,-0.00019,-0.01306,-0.00193,-0.00576,-0.00320,0.00077,0.00439,-0.00388,-0.00206,-0.00801,0.00052
