CensusId,TotalPop,IncomePerCap
01001,55221,24974
01003,195121,27317
01005,26932,16824
01007,22604,18431
01009,57710,20532
01011,10678,17580
01013,20354,18390
01015,116648,21374
01017,34079,21071
01019,26008,21811
01021,43819,21399
01023,13395,20755
01025,25070,20064
01027,13537,18905
01029,15002,20151
01031,50884,24936
01033,54444,22546
01035,12865,15968
01037,11027,17519
01039,37886,20977
01041,13938,20585
01043,80965,20881
01045,49866,22566
01047,42154,17808
01049,71068,18411
01051,80763,24381
01053,37935,17045
01055,103766,20500
01057,16896,19545
01059,31634,18595
01061,26815,20224
01063,8697,13611
01065,15256,18877
01067,17252,22931
01069,103534,23925
01071,52860,20066
01073,659026,27240
01075,14133,20130
01077,92737,24215
01079,33586,21369
01081,150982,24356
01083,88805,25569
01085,10742,18429
01087,20018,17374
01089,346438,32131
01091,20306,21471
01093,30387,20042
01095,94318,21363
01097,414251,22953
01099,22217,15863
01101,228138,25138
01103,119786,24449
01105,10038,14804
01107,19856,17957
01109,33155,19415
01111,22648,19363
01113,58302,19882
01115,85864,24168
01117,203530,33494
01119,13341,12887
01121,81437,19598
01123,41153,21177
01125,200458,23124
01127,65923,20166
01129,16997,19743
01131,11235,14170
01133,24130,18808
02013,3304,28608
02016,5684,31754
02020,299107,36920
02050,17776,17746
02060,970,38267
02068,2060,35315
02070,4979,22257
02090,99705,33244
02100,2560,33902
02105,2128,30943
02110,32531,39979
02122,57221,31537
02130,13699,32021
02150,13973,30657
02158,7914,11569
02164,1474,23041
02170,96178,29913
02180,9854,19804
02185,9667,51085
02188,7732,21101
02195,3221,34884
02198,6376,25205
02220,8943,33890
02230,999,38696
02240,7029,30079
02261,9617,33293
02275,2387,30089
02282,643,33159
02290,5644,20698
04001,72124,13011
04003,129647,23506
04005,136701,24308
04007,53165,20583
04009,37407,17481
04011,9023,21994
04012,20335,20439
04013,4018143,27832
04015,203362,20974
04017,107656,16486
04019,998537,25729
04021,389772,21130
04023,47073,17795
04025,215996,25418
04027,202987,19102
05001,18731,22473
05003,21229,19891
05005,41040,22475
05007,238198,27934
05009,37227,21946
05011,11206,20252
05013,5245,20537
05015,27635,20195
05017,11353,19053
05019,22751,19555
05021,15400,19166
05023,25711,24912
05025,8510,21905
05027,24327,20045
05029,21110,21897
05031,101409,23091
05033,61748,20849
05035,49765,19682
05037,17467,19543
05039,7868,17868
05041,12379,17788
05043,18740,17481
05045,119343,24603
05047,17866,19550
05049,12224,19163
05051,96954,24070
05053,18054,23686
05055,43382,20689
05057,22336,17049
05059,33316,18956
05061,13555,21273
05063,36952,20242
05065,13480,18995
05067,17597,17797
05069,73548,19885
05071,25930,19341
05073,7270,20904
05075,17029,17312
05077,9966,14298
05079,14062,14377
05081,12720,19858
05083,22001,20011
05085,70691,23555
05087,15702,20693
05089,16458,17779
05091,43652,21104
05093,44864,19073
05095,7713,17470
05097,9197,19975
05099,8793,17277
05101,8052,18038
05103,25044,19810
05105,10300,22328
05107,20391,16700
05109,11087,19294
05111,24210,17202
05113,20364,19004
05115,62830,20047
05117,8402,19329
05119,390463,27708
05121,17695,19011
05123,27345,15971
05125,113833,26050
05127,10870,17833
05129,7965,18533
05131,127273,23182
05133,17268,17371
05135,17055,16848
05137,12512,18944
05139,40633,21779
05141,17002,19047
05143,216432,24638
05145,78660,22547
05147,6983,18377
05149,21835,18288
06001,1584983,37285
06003,1131,21415
06005,36995,27473
06007,222564,24259
06009,44767,29553
06011,21396,21897
06013,1096068,39313
06015,27788,19560
06017,182093,35588
06019,956749,20408
06021,28029,21313
06023,135034,23367
06025,178206,16143
06027,18373,27850
06029,865736,20644
06031,150998,18707
06033,64158,21407
06035,32645,19274
06037,10038388,28337
06039,153187,17970
06041,258349,60236
06043,17789,28316
06045,87544,24059
06047,263885,18204
06049,9184,21001
06051,14146,29437
06053,428441,24994
06055,140295,36475
06057,98570,32442
06059,3116069,34817
06061,366280,36022
06063,18966,30842
06065,2298032,23783
06067,1465832,27315
06069,57557,27239
06071,2094769,21352
06073,3223096,31266
06075,840763,52220
06077,708554,22645
06079,276517,31060
06081,748731,48278
06083,435850,30589
06085,1868149,43880
06087,269278,33241
06089,178942,24107
06091,3021,29986
06093,43895,22561
06095,425753,29185
06097,495078,34235
06099,527367,21922
06101,95247,23689
06103,63152,21263
06105,13373,22975
06107,454033,17876
06109,54079,27054
06111,840833,33435
06113,207320,28116
06115,73437,20471
08001,471206,25039
08003,16269,19524
08005,608310,34190
08007,12174,28884
08009,3701,21361
08011,5895,13544
08013,310032,39074
08014,60699,40135
08015,18309,28064
08017,2002,23553
08019,9136,42812
08021,8249,18844
08023,3581,21809
08025,5551,10742
08027,4303,22661
08029,30214,24417
08031,649654,35218
08033,1862,20199
08035,306974,45500
08037,52576,38193
08039,23855,38021
08041,655024,29659
08043,46809,18619
08045,57076,27574
08047,5605,38361
08049,14411,31432
08051,15651,25584
08053,874,33816
08055,6502,23467
08057,1335,27938
08059,552344,37065
08061,1463,22731
08063,7980,21769
08065,7362,24399
08067,53182,31822
08069,318227,31304
08071,14503,22935
08073,5478,15203
08075,21928,23916
08077,147834,26569
08079,733,32271
08081,13117,24624
08083,25700,23470
08085,40815,23144
08087,28359,22101
08089,18572,19228
08091,4580,33392
08093,16189,31734
08095,4371,24967
08097,17420,55519
08099,12235,20087
08101,161519,22191
08103,6712,27274
08105,11745,22269
08107,23606,36472
08109,6238,21711
08111,606,23143
08113,7676,40149
08115,2365,22857
08117,28940,35753
08119,23340,32707
08121,4795,24817
08123,270948,26751
08125,10185,23246
09001,939983,50137
09003,896943,35611
09005,186304,38530
09007,165165,41277
09009,862224,32852
09011,273185,34208
09013,151948,35446
09015,117470,28140
10001,169509,25404
10003,549643,32894
10005,207302,28558
11001,647484,47675
12001,254218,25498
12003,27135,20471
12005,175353,25246
12007,27223,19739
12009,553591,27571
12011,1843152,28381
12013,14615,16536
12015,165783,26984
12017,139654,23979
12019,197417,26464
12021,341091,38297
12023,67806,20563
12027,34957,16441
12029,16091,17850
12031,890673,26543
12033,306327,24161
12035,100783,24360
12037,11628,20868
12039,46424,17834
12041,16992,21436
12043,13272,17879
12045,15785,19631
12047,14395,14742
12049,27468,16298
12051,38363,16980
12053,174809,21586
12055,98328,21117
12057,1302884,27764
12059,19635,16468
12061,142866,31882
12063,48900,17196
12065,14198,21080
12067,8801,19404
12069,310561,24236
12071,663675,28010
12073,282940,26522
12075,39821,20299
12077,8295,16972
12079,18729,16274
12081,343729,27958
12083,336811,21675
12085,151586,34742
12086,2639042,23850
12087,75901,36208
12089,75880,28670
12091,192237,28902
12093,39255,16931
12095,1229039,25411
12097,300870,19165
12099,1378806,33650
12101,479288,24455
12103,931477,30170
12105,626676,21196
12107,72696,18082
12109,210495,37581
12111,288006,23657
12113,161021,27892
12115,392038,34479
12117,437346,29162
12119,108501,30145
12121,43595,18573
12123,22685,15811
12125,15191,12291
12127,503719,24026
12129,31128,20823
12131,59487,27393
12133,24629,18164
13001,18417,19178
13003,8294,17022
13005,11222,18349
13007,3292,20959
13009,45795,18611
13011,18336,19211
13013,72012,21411
13015,101336,22592
13017,17477,15316
13019,19019,16523
13021,154816,21591
13023,12746,19503
13025,18452,17276
13027,15637,19744
13029,33151,26934
13031,72386,18719
13033,23007,17546
13035,23445,19433
13037,6489,14242
13039,51445,23856
13043,11031,16897
13045,112595,21320
13047,65375,22642
13049,13130,18036
13051,279290,25690
13053,11914,19487
13055,25241,16333
13057,225944,30595
13059,120905,19276
13061,3104,12790
13063,267234,18107
13065,6791,17127
13067,719133,33778
13069,43003,17540
13071,46024,17353
13073,136204,30603
13075,17033,18790
13077,133416,28106
13079,12539,20904
13081,23314,19439
13083,16445,21547
13085,22673,28832
13087,27378,18310
13089,716331,29486
13091,21180,17887
13093,14293,14295
13095,93310,18999
13097,136520,23158
13099,10579,18116
13101,4048,16954
13103,54630,25123
13105,19537,19841
13107,22731,17096
13109,10814,19625
13111,23742,20534
13113,108655,36362
13115,96169,21218
13117,196236,35696
13119,22110,17743
13121,983903,37926
13123,28673,21766
13125,3087,18921
13127,81743,26541
13129,55889,19707
13131,25243,16953
13133,16331,28209
13135,859234,25831
13137,43527,19026
13139,187916,24292
13141,8881,12358
13143,28565,20740
13145,32776,30386
13147,25498,20733
13149,11617,19222
13151,211512,24996
13153,147570,24368
13155,9408,17576
13157,61420,23504
13159,13593,20570
13161,14990,18446
13163,16374,16048
13165,8922,17366
13167,9794,16954
13169,28738,26005
13171,18114,19217
13173,10403,16688
13175,47886,19194
13177,28946,27999
13179,64427,19785
13181,7720,22373
13183,16588,18166
13185,113203,19173
13187,30921,21963
13189,21582,19065
13191,14007,23887
13193,14045,13431
13195,28232,20857
13197,8739,19077
13199,21297,18059
13201,5936,18904
13205,22982,15297
13207,26915,25539
13209,8968,17402
13211,17900,24435
13213,39401,17043
13215,200285,23318
13217,102645,21717
13219,34400,33528
13221,14688,21848
13223,147400,24930
13225,27086,20689
13227,29740,27720
13229,18934,21619
13231,17812,23150
13233,41215,20293
13235,11590,17656
13237,21247,25864
13239,2326,17334
13241,16266,22869
13243,7315,26031
13245,201291,20659
13247,86901,22614
13249,5074,19858
13251,14206,18597
13253,8769,19891
13255,63873,19588
13257,25620,20001
13259,5868,13721
13261,31429,17404
13263,6490,18971
13265,1721,14805
13267,25302,14957
13269,8401,16857
13271,16416,12155
13273,9213,16242
13275,44824,20471
13277,40787,20078
13279,27210,19564
13281,10800,19978
13283,6762,21127
13285,68867,21559
13287,8338,18227
13289,8509,17768
13291,21725,21872
13293,26528,19069
13295,68285,21430
13297,86201,23625
13299,35723,18100
13301,5561,18174
13303,20785,18285
13305,30046,18291
13307,2720,18767
13309,7956,8292
13311,27791,21718
13313,103456,20353
13315,8972,13521
13317,9991,18392
13319,9386,18037
13321,21156,18762
15001,191482,24548
15003,984178,31041
15005,85,46769
15007,69691,27441
15009,160863,29664
16001,417501,28851
16003,3880,21219
16005,83604,21598
16007,5939,22959
16009,9088,20937
16011,45407,20164
16013,21309,34208
16015,6885,27276
16017,41066,23981
16019,107788,23926
16021,10961,20795
16023,2653,21982
16025,1052,24588
16027,198921,17915
16029,6808,25172
16031,23369,18227
16033,901,15151
16035,8560,20079
16037,4234,22861
16039,26175,21326
16041,12914,18855
16043,12945,20302
16045,16731,19726
16047,15233,19688
16049,16312,19611
16051,26792,19501
16053,22653,17708
16055,145046,25744
16057,38339,22766
16059,7790,22134
16061,3812,21152
16063,5260,17204
16065,37916,14653
16067,20279,20674
16069,39779,25177
16071,4245,20089
16073,11364,16854
16075,22700,20689
16077,7731,18877
16079,12571,21254
16081,10285,24118
16083,80004,21553
16085,9720,23962
16087,10025,18343
17001,67081,24380
17003,7364,14729
17005,17313,22867
17007,53851,26170
17009,6859,21065
17011,34115,27304
17013,4999,26407
17015,14926,26493
17017,13254,24262
17019,205766,26078
17021,34200,23263
17023,16159,25744
17025,13582,22797
17027,37929,28839
17029,53037,23525
17031,5236393,31013
17033,19541,26351
17035,10943,22596
17037,104345,24025
17039,16388,29100
17041,19826,25455
17043,930412,39336
17045,17992,25389
17047,6649,22885
17049,34332,26775
17051,22136,21472
17053,13835,26010
17055,39694,21625
17057,36323,22651
17059,5385,22125
17061,13502,22105
17063,50277,29622
17065,8322,24110
17067,18738,25085
17069,4228,21415
17071,7042,26603
17073,49883,27402
17075,29053,25565
17077,59534,21147
17079,9635,25303
17081,38578,22975
17083,22625,25901
17085,22397,29362
17087,12829,20014
17089,524886,31056
17091,112221,24449
17093,120036,31053
17095,52112,22241
17097,702898,39299
17099,112579,25755
17101,16665,14468
17103,35027,25363
17105,37689,25769
17107,29956,21786
17109,32009,21664
17111,307357,33735
17113,173114,31305
17115,109193,26895
17117,46844,25962
17119,267356,28337
17121,38665,22808
17123,12173,27739
17125,14126,24173
17127,15016,22927
17129,12611,30578
17131,16107,26823
17133,33539,32889
17135,29348,19866
17137,35129,24586
17139,14927,25053
17141,52397,27451
17143,187112,28610
17145,21810,21720
17147,16495,32724
17149,16144,21594
17151,4331,21131
17153,5871,18923
17155,5822,29918
17157,33069,22895
17159,16127,23498
17161,147161,26391
17163,267029,26738
17165,24783,21175
17167,199016,31024
17169,7311,24077
17171,5198,24978
17173,22115,23697
17175,5859,27148
17177,46625,24253
17179,135697,29718
17181,17551,23140
17183,80368,22233
17185,11652,24155
17187,17701,22876
17189,14457,28683
17191,16555,23869
17193,14464,25534
17195,57525,25490
17197,683995,31310
17199,67121,24669
17201,290439,25198
17203,39106,30804
18001,34642,21274
18003,363453,25770
18005,79488,27987
18007,8752,22526
18009,12476,20534
18011,60511,38038
18013,15011,29903
18015,20014,25365
18017,38476,22125
18019,113181,25470
18021,26686,21856
18023,32835,22337
18025,10591,18835
18027,32411,21101
18029,49679,27907
18031,26240,23346
18033,42449,24016
18035,117335,21179
18037,42291,25972
18039,200685,21817
18041,23773,20508
18043,75900,28116
18045,16888,24619
18047,22935,24032
18049,20527,22807
18051,33668,24682
18053,68896,20440
18055,32815,22767
18057,296635,41316
18059,71328,29058
18061,39230,24460
18063,153435,30364
18065,49146,21286
18067,82765,24297
18069,36863,22606
18071,43471,22421
18073,33448,24614
18075,21255,19591
18077,32453,22139
18079,28113,21434
18081,145645,28889
18083,38062,21928
18085,77983,26011
18087,38084,20413
18089,491596,24756
18091,111280,23499
18093,45814,23404
18095,130280,22236
18097,926335,24330
18099,46962,22895
18101,10262,22939
18103,36211,21745
18105,142404,24266
18107,38172,22911
18109,69403,26175
18111,14057,23154
18113,47546,23477
18115,6033,23848
18117,19725,19660
18119,21192,21842
18121,17107,20592
18123,19414,20964
18125,12687,23169
18127,166570,29922
18129,25567,29821
18131,13047,22798
18133,37650,22983
18135,25596,23000
18137,28612,23534
18139,16991,23186
18141,267246,24395
18143,23783,21385
18145,44441,24645
18147,20856,24936
18149,23117,20899
18151,34267,24576
18153,21111,19715
18155,10500,19516
18157,180952,23529
18159,15573,25868
18161,7299,21487
18163,181305,24961
18165,15860,22022
18167,108268,21626
18169,32358,22674
18171,8367,27731
18173,60995,30507
18175,27930,20483
18177,67866,22093
18179,27796,24253
18181,24388,24944
18183,33330,26383
19001,7426,25990
19003,3892,26428
19005,14060,26077
19007,12669,23653
19009,5869,29882
19011,25803,29990
19013,132496,25382
19015,26401,26935
19017,24539,30504
19019,20998,29045
19021,20507,24511
19023,14966,26498
19025,9914,26524
19027,20629,27100
19029,13590,25868
19031,18375,27879
19033,43481,28270
19035,11853,27934
19037,12244,26981
19039,9280,22586
19041,16537,27138
19043,17806,26124
19045,48365,27255
19047,17252,23344
19049,74892,37669
19051,8742,23867
19053,8249,19493
19055,17507,27563
19057,40208,24614
19059,16967,34218
19061,95906,27096
19063,9917,27707
19065,20589,24513
19067,16050,25918
19069,10489,25417
19071,7106,29060
19073,9174,26918
19075,12407,31076
19077,10740,28946
19079,15297,26001
19081,11092,26846
19083,17393,26256
19085,14467,26910
19087,20080,23439
19089,9494,25804
19091,9674,27814
19093,7071,28398
19095,16344,29022
19097,19572,25546
19099,36726,26138
19101,17318,25209
19103,139436,31271
19105,20560,26937
19107,10291,23076
19109,15280,28952
19111,35369,22746
19113,216640,30829
19115,11271,26176
19117,8731,23512
19119,11723,26777
19121,15644,28922
19123,22396,25228
19125,33248,26280
19127,40962,24648
19129,14862,28280
19131,10762,25706
19133,9088,24730
19135,8002,25753
19137,10465,23445
19139,42913,25503
19141,14092,30600
19143,6211,25306
19145,15660,23617
19147,9208,26154
19149,24853,27991
19151,7127,26406
19153,452369,31291
19155,93213,27057
19157,18705,26018
19159,5061,26557
19161,10101,26991
19163,169994,29391
19165,11992,27695
19167,34509,26029
19169,93586,25589
19171,17479,26432
19173,6213,23821
19175,12575,24022
19177,7432,23268
19179,35315,22716
19181,47542,30086
19183,22017,27228
19185,6384,23009
19187,37295,23718
19189,10614,25021
19191,20884,26211
19193,102530,23630
19195,7563,24734
19197,12936,26316
20001,13081,20671
20003,7896,21226
20005,16633,21677
20007,4770,28174
20009,27399,24338
20011,14812,20783
20013,9880,22600
20015,66092,27647
20017,2722,23459
20019,3520,23584
20021,20952,19809
20023,2682,26626
20025,2145,25106
20027,8421,26807
20029,9339,22441
20031,8458,29382
20033,2010,23661
20035,36079,21950
20037,39304,20346
20039,2905,29891
20041,19516,24430
20043,7859,23471
20045,114967,27611
20047,2991,25584
20049,2683,21764
20051,28993,26098
20053,6410,24102
20055,37133,22145
20057,34714,20619
20059,25753,24567
20061,36787,21450
20063,2735,25484
20065,2593,28233
20067,7816,25195
20069,6065,26131
20071,1224,25994
20073,6393,23335
20075,2586,22250
20077,5861,24640
20079,34835,24453
20081,4130,24362
20083,1939,31547
20085,13400,25038
20087,18898,26227
20089,3038,23002
20091,566814,40331
20093,3952,23884
20095,7790,24998
20097,2536,24116
20099,21048,21006
20101,1674,31458
20103,78227,27138
20105,3154,24953
20107,9528,26519
20109,2793,28974
20111,33462,20943
20113,29252,28396
20115,12290,23642
20117,10005,26313
20119,4383,23446
20121,32688,29413
20123,6296,27555
20125,34184,20864
20127,5750,23928
20129,3106,22297
20131,10159,26041
20133,16423,22354
20135,3077,29968
20137,5590,23702
20139,16080,24243
20141,3782,27132
20143,6048,26260
20145,6911,24125
20147,5501,25072
20149,22625,25964
20151,9739,27078
20153,2545,27559
20155,64058,23578
20157,4806,25317
20159,10014,23687
20161,75022,23992
20163,5186,23891
20165,3184,24843
20167,6988,26128
20169,55735,25641
20171,4928,30179
20173,506529,26016
20175,23274,20442
20177,178792,26691
20179,2531,28733
20181,6054,21786
20183,3740,27315
20185,4320,25476
20187,2149,22690
20189,5772,24827
20191,23638,24214
20193,7925,26309
20195,2951,28817
20197,6997,23962
20199,1595,28265
20201,5686,23440
20203,2204,23367
20205,9061,22538
20207,3211,21432
20209,160806,18912
21001,18852,18277
21003,20355,20702
21005,21761,24353
21007,8256,24056
21009,42925,20262
21011,11978,18719
21013,27950,13701
21015,124617,29866
21017,20013,23620
21019,48917,25745
21021,29388,22368
21023,8425,21054
21025,13591,15737
21027,20061,19185
21029,76961,24458
21031,12835,18502
21033,12826,20840
21035,38106,20701
21037,91475,28248
21039,4984,21499
21041,10830,20129
21043,27326,18948
21045,15954,17526
21047,74159,19614
21049,35657,25492
21051,21300,13802
21053,10188,16712
21055,9222,21248
21057,6807,17571
21059,98173,23952
21061,12105,20304
21063,7725,15319
21065,14476,16446
21067,308306,30031
21069,14544,21453
21071,38649,18173
21073,49778,26778
21075,6422,18082
21077,8567,21634
21079,16976,22567
21081,24670,19667
21083,37502,20805
21085,26001,19902
21087,11149,19563
21089,36477,23649
21091,8669,22330
21093,107529,24845
21095,28400,15840
21097,18648,20490
21099,18441,18993
21101,46396,22628
21103,15455,21806
21105,4720,19597
21107,46518,22517
21109,13357,16405
21111,755809,28822
21113,50328,26230
21115,23350,18436
21117,163007,27847
21119,16000,17939
21121,31809,15599
21123,14149,20570
21125,59751,18795
21127,15821,18890
21129,7119,13688
21131,10997,15558
21133,23671,17194
21135,13790,16662
21137,24498,18564
21139,9394,23079
21141,26851,19126
21143,8402,24723
21145,65408,28577
21147,18001,10880
21149,9500,20910
21151,85838,21977
21153,12979,16046
21155,19717,19347
21157,31181,23707
21159,12631,14179
21161,17296,23773
21163,29098,23473
21165,6343,16768
21167,21342,22658
21169,9985,17608
21171,10765,17635
21173,27167,20850
21175,13428,16007
21177,31309,19609
21179,44564,24699
21181,7075,20039
21183,24065,19254
21185,63037,34423
21187,10711,22878
21189,4616,15158
21191,14514,23725
21193,28041,18910
21195,63434,20061
21197,12447,17241
21199,63635,20215
21201,2208,19246
21203,16942,16963
21205,23608,18185
21207,17669,17010
21209,50178,28232
21211,44290,27631
21213,17704,19397
21215,17577,27016
21217,24993,18120
21219,12524,19042
21221,14250,26001
21223,8783,23465
21225,15138,20164
21227,118950,23823
21229,11910,19793
21231,20655,15475
21233,13357,19891
21235,35794,16748
21237,7261,13901
21239,25317,30490
22001,62163,20552
22003,25653,19868
22005,114738,29269
22007,23057,23886
22009,41389,18967
22011,36259,22961
22013,13977,20464
22015,123403,27572
22017,254742,24876
22019,195887,25005
22021,9990,21493
22023,6706,29679
22025,10247,21851
22027,16639,17547
22029,20449,17498
22031,26965,22513
22033,444690,27944
22035,7501,11313
22037,19855,21348
22039,33768,18484
22041,20550,17324
22043,22362,17987
22045,73938,23977
22047,33229,21428
22049,16109,18986
22051,435092,27127
22053,31434,22260
22055,231811,30240
22057,97474,25303
22059,14899,20818
22061,47349,21003
22063,133949,25999
22065,11873,14205
22067,27012,18209
22069,39330,19883
22071,376738,27721
22073,155769,21770
22075,23599,24837
22077,22498,25024
22079,132225,21671
22081,8838,23016
22083,20777,19699
22085,24248,22605
22087,42858,20160
22089,52639,27247
22091,10818,18620
22093,21650,24071
22095,44161,22660
22097,83613,19156
22099,53126,22983
22101,53441,21847
22103,242960,31022
22105,125486,21671
22107,4893,16912
22109,112742,23626
22111,22533,19676
22113,59110,23261
22115,52476,21578
22117,46556,17745
22119,40617,20248
22121,24669,26118
22123,11454,19353
22125,15415,22122
22127,14855,17877
23001,107393,25011
23003,70005,21763
23005,286119,34081
23007,30402,22980
23009,54658,28432
23011,121112,25957
23013,39723,28144
23015,34156,29078
23017,57421,21280
23019,153437,24149
23021,17156,22856
23023,35092,30062
23025,51577,21729
23027,38976,24473
23029,32191,21977
23031,199682,30705
24001,73549,21674
24003,555280,41706
24005,822959,35011
24009,90114,39011
24011,32661,24943
24013,167444,36936
24015,101960,29538
24017,152754,36809
24019,32534,27870
24021,241373,37449
24023,29813,25348
24025,248966,35746
24027,304115,48104
24029,19923,30081
24031,1017859,49110
24033,892816,32639
24035,48600,38733
24037,109614,36668
24039,25980,16631
24041,37799,38317
24043,149270,27066
24045,101182,26241
24047,51519,32419
24510,622454,25707
25001,214766,37678
25003,129288,30469
25005,552763,29607
25007,17048,38560
25009,763849,36212
25011,71144,30584
25013,468041,26560
25015,160759,30244
25017,1556116,44152
25019,10556,45000
25021,687721,45829
25023,503681,36163
25025,758919,34420
25027,810935,32284
26001,10550,23933
26003,9476,21259
26005,112837,25161
26007,29068,22082
26009,23267,27155
26011,15424,21197
26013,8690,17461
26015,59147,25795
26017,106698,24445
26019,17437,25023
26021,155565,25241
26023,43706,21263
26025,134790,23150
26027,51952,24314
26029,26134,28188
26031,25690,23631
26033,38586,20396
26035,30710,19181
26037,76905,29766
26039,13895,22595
26041,36712,23061
26043,26012,24880
26045,108341,27577
26047,33018,31109
26049,415874,22957
26051,25501,21234
26053,15824,21008
26055,89907,28050
26057,41878,19618
26059,46178,21291
26061,36660,20081
26063,32290,23382
26065,283491,25436
26067,64064,20921
26069,25401,23486
26071,11507,21725
26073,70669,20518
26075,159759,23377
26077,256752,26416
26079,17230,21320
26081,622590,27032
26083,2198,24384
26085,11426,16679
26087,88235,24478
26089,21772,34322
26091,98902,23252
26093,184591,33619
26095,6477,18427
26097,11044,23889
26099,854689,27525
26101,24536,22647
26103,67582,23785
26105,28711,24244
26107,43301,20405
26109,23717,23233
26111,83624,30172
26113,14988,20530
26115,150436,26982
26117,63004,19955
26119,9401,20771
26121,171483,21291
26123,48029,21230
26125,1229503,37728
26127,26229,20234
26129,21222,20972
26131,6298,21896
26133,23234,19205
26135,8444,19520
26137,24141,25743
26139,273136,26519
26141,13037,23550
26143,24068,22513
26145,196479,23139
26147,160429,25429
26149,61022,21559
26151,42014,21374
26153,8288,20580
26155,69113,23582
26157,54420,21904
26159,75351,22358
26161,354092,34738
26163,1778969,22897
26165,32751,20988
27001,15839,25591
27003,338764,31775
27005,33138,26399
27007,45434,22524
27009,39221,25341
27011,5134,27426
27013,65125,26440
27015,25391,28018
27017,35443,24584
27019,95715,40322
27021,28519,25720
27023,12154,26372
27025,53834,29553
27027,60879,25896
27029,8752,23391
27031,5194,33056
27033,11632,24978
27035,63048,27936
27037,408456,36171
27039,20290,30091
27041,36620,29953
27043,14230,27135
27045,20843,26348
27047,30897,26494
27049,46377,30236
27051,5961,27952
27053,1197776,38724
27055,18812,27626
27057,20574,25725
27059,38296,27152
27061,45354,25219
27063,10211,27494
27065,16003,23661
27067,42444,27560
27069,4480,29279
27071,13054,25398
27073,7023,29541
27075,10750,29346
27077,3949,22543
27079,27707,28483
27081,5808,26910
27083,25699,28010
27085,36046,27612
27087,5496,19743
27089,9453,27863
27091,20350,28244
27093,23129,27313
27095,25809,23603
27097,32962,24984
27099,39227,26265
27101,8529,28976
27103,33086,28118
27105,21687,23515
27107,6692,25314
27109,148736,35267
27111,57511,28066
27113,14110,25500
27115,29218,22436
27117,9354,26842
27119,31547,26766
27121,10948,30071
27123,527411,30333
27125,4061,25183
27127,15723,25716
27129,15171,28698
27131,64886,26660
27133,9563,26065
27135,15615,26698
27137,200506,27190
27139,137322,36180
27141,90401,29923
27143,15021,27493
27145,152595,27135
27147,36523,28087
27149,9771,25739
27151,9525,27202
27153,24466,23808
27155,3429,29120
27157,21381,30468
27159,13759,22002
27161,19076,26457
27163,246670,38461
27165,11054,25973
27167,6526,26862
27169,51213,24660
27171,128691,30238
27173,10092,26885
28001,31979,17669
28003,37319,19467
28005,12840,17635
28007,19175,20604
28009,8470,19935
28011,33803,15751
28013,14789,17434
28015,10338,20627
28017,17391,17538
28019,8354,17464
28021,9330,12229
28023,16362,20071
28025,20279,18405
28027,25254,15393
28029,28921,17762
28031,19471,16245
28033,168586,26085
28035,76267,19897
28037,7857,22098
28039,23104,21413
28041,14129,15728
28043,21591,19138
28045,45627,22286
28047,196268,22120
28049,245874,20598
28051,18772,11972
28053,8984,13503
28055,1291,12423
28057,23451,19483
28059,140676,24001
28061,16588,18260
28063,7586,12601
28065,11941,15682
28067,68276,20465
28069,10211,14516
28071,51169,23227
28073,58885,26403
28075,79832,21525
28077,12586,19844
28079,23153,17696
28081,85036,22282
28083,31516,14563
28085,34765,18844
28087,59699,21410
28089,100202,34478
28091,26109,19491
28093,36385,19047
28095,36175,19215
28097,10464,17674
28099,29553,18572
28101,21663,20413
28103,11143,14450
28105,49048,20091
28107,34373,19525
28109,55196,19786
28111,12187,17928
28113,40075,17777
28115,30517,19695
28117,25380,17644
28119,7761,14503
28121,146761,27389
28123,28293,17256
28125,4805,15993
28127,27401,17412
28129,16257,21050
28131,17978,19484
28133,27911,13718
28135,14959,13819
28137,28415,21547
28139,22054,20012
28141,19539,18881
28143,10477,17246
28145,27811,18889
28147,14978,17872
28149,48020,22417
28151,49499,17160
28153,20564,20231
28155,9999,19938
28157,9345,15307
28159,18697,19199
28161,12381,19679
28163,27911,14934
29001,25560,19671
29003,17328,26778
29005,5440,26069
29007,25783,18934
29009,35726,19313
29011,12166,20780
29013,16643,21715
29015,18854,19122
29017,12356,19605
29019,170770,27150
29021,89561,22218
29023,42951,19473
29025,9083,23082
29027,44566,22520
29029,43927,23996
29031,77606,24479
29033,9096,23403
29035,6284,20318
29037,100781,28398
29039,13892,18255
29041,7650,20953
29043,80904,24730
29045,6919,23463
29047,230361,29793
29049,20498,25500
29051,76533,26014
29053,17593,23252
29055,24660,19017
29057,7618,20828
29059,16564,17494
29061,8277,19208
29063,12782,17125
29065,15612,19747
29067,13516,17343
29069,31562,18009
29071,101828,25241
29073,14948,22845
29075,6785,20687
29077,283206,24097
29079,10256,19365
29081,8722,19906
29083,22034,23961
29085,9335,18153
29087,4615,25319
29089,10182,22158
29091,40326,18817
29093,10322,19559
29095,680905,26629
29097,117184,22431
29099,221577,25247
29101,54155,22722
29103,4035,22397
29105,35514,19567
29107,32916,24266
29109,38244,19508
29111,10172,20042
29113,53850,22232
29115,12401,19889
29117,15042,22557
29119,22763,18498
29121,15460,19738
29123,12401,17179
29125,9057,20731
29127,28840,21614
29129,3718,20404
29131,24956,21268
29133,14208,16515
29135,15801,20901
29137,8680,20921
29139,11939,20710
29141,20225,18431
29143,18411,19918
29145,58777,22735
29147,23186,18307
29149,10979,17070
29151,13758,23918
29153,9537,16959
29155,17837,16902
29157,19100,23695
29159,42215,20494
29161,45029,21611
29163,18517,19005
29165,93394,35666
29167,31107,19908
29169,53443,19568
29171,4895,20203
29173,10243,23442
29175,25135,18151
29177,23031,24101
29179,6578,20082
29181,13990,17315
29183,374805,32946
29185,9520,18840
29186,17990,23772
29187,66010,19315
29189,1001327,35570
29195,23334,20339
29197,4395,19650
29199,4873,20859
29201,39061,20542
29203,8317,19658
29205,6179,20569
29207,29837,21797
29209,31375,22473
29211,6512,19930
29213,53555,20520
29215,25735,17741
29217,20878,20479
29219,33043,24033
29221,25048,17762
29223,13397,18748
29225,36690,19956
29227,2082,23815
29229,18449,18481
29510,317850,23945
30001,9291,26763
30003,13141,16244
30005,6598,17442
30007,5692,29188
30009,10268,28153
30011,1227,29391
30013,82090,25870
30015,5855,22032
30017,11945,25506
30019,1758,33140
30021,9365,27878
30023,9211,23156
30025,3057,32755
30027,11468,26111
30029,93333,26388
30031,95323,30293
30033,1047,26142
30035,13672,16892
30037,756,21562
30039,3168,27136
30041,16523,20869
30043,11502,30886
30045,1997,26595
30047,29157,22278
30049,65357,28476
30051,2369,23587
30053,19337,22856
30055,1728,28654
30057,7767,29700
30059,1898,20736
30061,4238,20691
30063,111966,26779
30065,4790,23545
30067,15708,27045
30069,443,25378
30071,4167,22139
30073,6206,22797
30075,1703,29902
30077,6975,21536
30079,1372,23285
30081,40823,22482
30083,11132,32900
30085,11072,16182
30087,9352,23238
30089,11346,20169
30091,3630,30814
30093,34549,24383
30095,9288,29217
30097,3633,25522
30099,6074,24443
30101,5150,22101
30103,812,20758
30105,7577,26337
30107,2115,19385
30109,986,23875
30111,153692,29576
31001,31442,27690
31003,6486,26763
31005,448,22035
31007,820,31735
31009,551,21854
31011,5373,27799
31013,11310,25897
31015,2039,24085
31017,3078,26390
31019,47958,26846
31021,6647,24332
31023,8256,29457
31025,25360,30694
31027,8675,27774
31029,3897,29905
31031,5770,26229
31033,10077,30339
31035,6382,26324
31037,10522,22857
31039,9078,25318
31041,10802,29406
31043,20798,20543
31045,9136,22176
31047,24069,22098
31049,1946,27439
31051,5866,24286
31053,36725,25112
31055,537655,29842
31057,2015,28870
31059,5697,27875
31061,3105,28426
31063,2573,25837
31065,4887,22769
31067,21818,26207
31069,1823,30790
31071,1933,23612
31073,1976,27402
31075,769,21782
31077,2476,23333
31079,60792,23995
31081,9100,30424
31083,3458,26139
31085,1084,26221
31087,2879,23152
31089,10398,25672
31091,681,22949
31093,6347,26658
31095,7433,25469
31097,5167,21488
31099,6549,27360
31101,8146,26422
31103,711,26666
31105,3720,24255
31107,8556,26560
31109,298080,27764
31111,35896,27056
31113,851,25920
31115,548,27794
31117,433,27364
31119,35111,26083
31121,7776,26136
31123,4874,24869
31125,3639,25479
31127,7168,27087
31129,4391,24447
31131,15842,26032
31133,2726,29030
31135,2924,29171
31137,9216,26697
31139,7184,26668
31141,32642,25869
31143,5271,30428
31145,10946,23387
31147,8201,25358
31149,1401,29205
31151,14360,21955
31153,169192,30902
31155,20913,29637
31157,36684,25064
31159,16998,28124
31161,5294,23734
31163,3107,26416
31165,1249,27216
31167,6081,27463
31169,5182,29120
31171,675,30475
31173,6946,18529
31175,4254,25951
31177,20257,31151
31179,9425,26031
31181,3697,22385
31183,847,30126
31185,13825,27646
32001,24252,24202
32003,2035572,26048
32005,47259,33057
32007,51562,29988
32009,1141,20984
32011,1669,30459
32013,17067,27255
32015,5946,29390
32017,5194,23924
32019,51657,23173
32021,4566,24146
32023,42625,23085
32027,6722,17332
32029,3929,35115
32031,435019,28757
32033,9974,24359
32510,54482,26127
33001,60399,31644
33003,47513,32612
33005,76430,30181
33007,31870,24546
33009,89341,32469
33011,403972,35242
33013,147262,32020
33015,299006,40469
33017,125273,29917
33019,43135,29004
34001,275376,28005
34003,926330,44002
34005,450556,37255
34007,511998,30822
34009,95805,33028
34011,157035,22417
34013,791609,32708
34015,290298,34025
34017,662619,33185
34019,126250,51353
34021,370212,37680
34023,830300,34674
34025,629185,43469
34027,498192,49552
34029,583450,31200
34031,507574,27643
34033,65120,29712
34035,330604,48791
34037,145930,38810
34039,548744,35308
34041,107226,34136
35001,673943,26765
35003,3583,20685
35005,65811,20559
35006,27382,16072
35007,12997,20534
35009,50497,21929
35011,2020,24370
35013,213963,20129
35015,55641,28308
35017,29119,23011
35019,4526,16820
35021,565,22946
35023,4643,18871
35025,68149,23804
35027,19931,25756
35028,17939,51148
35029,24789,15078
35031,73998,12614
35033,4660,15591
35035,65318,19457
35037,8698,17335
35039,39949,19678
35041,19908,18187
35043,136638,26742
35045,125133,22460
35047,28668,17849
35049,147108,33044
35051,11615,18982
35053,17494,18553
35055,32943,22358
35057,15853,18300
35059,4339,21705
35061,76297,19412
36001,307463,32779
36003,48070,20940
36005,1428357,18456
36007,198093,25105
36009,78962,22336
36011,79173,25786
36013,132646,22903
36015,88267,26262
36017,49549,23036
36019,81685,24941
36021,62195,32851
36023,49043,24228
36025,46901,23835
36027,296928,33923
36029,921584,28879
36031,38912,26805
36033,51280,22488
36035,54606,24339
36037,59458,25240
36039,48312,26261
36041,4760,26968
36043,64034,23753
36045,118947,23659
36047,2595259,26774
36049,27124,24772
36051,64801,24142
36053,72427,25984
36055,749356,29424
36057,49779,23554
36059,1354612,43206
36061,1629507,64993
36063,214150,26891
36065,233558,25982
36067,468304,29444
36069,109192,30934
36071,375384,31023
36073,42204,22070
36075,121183,23466
36077,61399,24625
36079,99488,41173
36081,2301139,26876
36083,159900,30803
36085,472481,32041
36087,320688,34647
36089,112011,22562
36091,223774,35922
36093,154796,28902
36095,31913,25498
36097,18410,25189
36099,35144,24666
36101,98665,25800
36103,1501373,37634
36105,76330,25742
36107,50199,29427
36109,103855,28460
36111,181300,30732
36113,65180,30611
36115,62700,24345
36117,92416,25609
36119,967315,48885
36121,41446,23960
36123,25187,25224
37001,155258,23434
37003,37158,20043
37005,10911,20366
37007,26135,17025
37009,27114,21269
37011,17695,21298
37013,47561,22356
37015,20518,16629
37017,34720,18903
37019,115926,27586
37021,247336,27066
37023,89548,20263
37025,188375,26183
37027,81758,19601
37029,10161,26585
37031,68228,28991
37033,23174,19698
37035,154610,23657
37037,67431,32845
37039,27092,18787
37041,14656,21451
37043,10656,22106
37045,97178,20825
37047,57230,19814
37049,104450,24553
37051,324603,22931
37053,24492,27521
37055,34863,30682
37057,163867,23060
37059,41447,28141
37061,59453,17593
37063,288817,30268
37065,55280,17956
37067,361684,26674
37069,62296,21526
37071,209807,22828
37073,11724,22035
37075,8700,19372
37077,58109,23127
37079,21328,18107
37081,506763,26762
37083,53407,19709
37085,124320,20864
37087,59170,25562
37089,109719,26059
37091,24368,17280
37093,51075,18421
37095,5693,19333
37097,165066,27558
37099,40812,21517
37101,178396,22858
37103,10166,20630
37105,59418,21743
37107,58782,20191
37109,79578,26439
37111,44961,18717
37113,33919,24060
37115,21027,21076
37117,23729,19032
37119,990288,33169
37121,15330,21429
37123,27601,19331
37125,91743,29643
37127,94722,23082
37129,213091,29880
37131,21011,18180
37133,183753,21862
37135,138644,36380
37137,12982,24176
37139,40018,22187
37141,55166,23561
37143,13498,23006
37145,39262,21148
37147,173798,23461
37149,20327,27164
37151,142370,21175
37153,46046,18059
37155,134871,15559
37157,92300,20726
37159,138361,21706
37161,66865,19419
37163,63873,19063
37165,35932,15849
37167,60586,20990
37169,46661,20950
37171,73170,20330
37173,14163,20409
37175,32928,24080
37177,4152,16268
37179,213422,29662
37181,44829,18606
37183,976019,34202
37185,20468,19354
37187,12668,20067
37189,52240,22314
37191,124355,21204
37193,68946,19163
37195,81581,21486
37197,37971,21372
37199,17604,20798
38001,2341,34005
38003,11097,33016
38005,6794,20697
38007,969,42729
38009,6634,33541
38011,3221,34414
38013,2208,34161
38015,88223,34813
38017,162500,31795
38019,3890,38721
38021,5195,27825
38023,2314,41625
38025,4195,41849
38027,2370,31806
38029,3463,29367
38031,3366,29710
38033,1822,27650
38035,68979,29088
38037,2362,32412
38039,2329,29639
38041,2621,28132
38043,2430,32743
38045,4113,34471
38047,1945,32180
38049,5817,34169
38051,2759,28735
38053,9615,37045
38055,9451,31777
38057,8633,31759
38059,28985,32614
38061,9253,38061
38063,3048,32259
38065,1819,32235
38067,7206,31244
38069,4395,25029
38071,11566,29006
38073,5453,30779
38075,2562,31281
38077,16317,28413
38079,14498,16706
38081,3874,32280
38083,1337,32095
38085,4380,15557
38087,673,34597
38089,28628,35114
38091,1979,34774
38093,21076,29490
38095,2294,33277
38097,8077,30213
38099,11005,30154
38101,67736,31215
38103,4204,30514
38105,29619,43946
39001,28229,18556
39003,105196,22922
39005,53189,22928
39007,99777,20378
39009,64974,17868
39011,45873,25727
39013,69560,23684
39015,44247,22133
39017,372538,27490
39019,28361,23706
39021,39393,23513
39023,136827,23445
39025,200285,29288
39027,41892,23039
39029,105987,23348
39031,36724,20713
39033,42725,22499
39035,1263189,28215
39037,52356,22832
39039,38669,24143
39041,185433,41824
39043,76141,27249
39045,149112,28130
39047,28769,21632
39049,1215761,29244
39051,42485,26470
39053,30565,21195
39055,93874,37021
39057,164192,31075
39059,39626,21564
39061,804194,30360
39063,75428,27129
39065,31736,20332
39067,15633,22197
39069,28015,25205
39071,43170,20240
39073,28914,21360
39075,43436,18906
39077,58937,23158
39079,32854,20697
39081,68053,23188
39083,61004,23520
39085,229437,30094
39087,61827,21955
39089,168693,27389
39091,45484,25428
39093,303152,26804
39095,436261,24816
39097,43456,25159
39099,234550,24056
39101,65943,20811
39103,174831,31760
39105,23473,19999
39107,40863,24978
39109,103517,26320
39111,14547,22522
39113,533763,25734
39115,14913,20180
39117,34996,23420
39119,86016,21274
39121,14508,21788
39123,41162,29343
39125,19165,23836
39127,36025,20302
39129,56515,24921
39131,28396,20790
39133,161897,26042
39135,41682,23414
39137,34184,26269
39139,122312,22367
39141,77334,21365
39143,60187,23782
39145,78017,19769
39147,55929,23020
39149,49067,26741
39151,374979,25547
39153,541847,28986
39155,206373,23509
39157,92697,23314
39159,53470,28549
39161,28576,24422
39163,13234,18330
39165,219916,34271
39167,61351,24013
39169,115371,23695
39171,37386,22234
39173,128885,27477
39175,22467,24246
40001,22236,16247
40003,5755,28233
40005,13906,18810
40007,5530,26258
40009,23300,25156
40011,9810,19576
40013,44003,20688
40015,29495,20003
40017,126193,28246
40019,48442,22870
40021,48097,19509
40023,15120,18269
40025,2341,26981
40027,268614,27745
40029,5812,22977
40031,125531,23264
40033,6112,21640
40035,14744,19623
40037,70761,23010
40039,28978,23044
40041,41409,21736
40043,4863,25942
40045,4121,28417
40047,62192,24928
40049,27455,21644
40051,53612,24965
40053,4517,28552
40055,6117,19552
40057,2866,20891
40059,3766,24364
40061,12850,18858
40063,13785,17723
40065,26056,21923
40067,6333,19409
40069,11022,20425
40071,45587,23044
40073,15302,27733
40075,9302,23260
40077,10774,22343
40079,49899,18881
40081,34504,23072
40083,44493,27402
40085,9663,20589
40087,36512,26562
40089,33143,17898
40091,20280,20599
40093,7700,27877
40095,16014,20339
40097,41007,20884
40099,13733,23146
40101,70224,20516
40103,11506,25368
40105,10555,20524
40107,12248,16818
40109,754480,27401
40111,39446,20313
40113,48054,22935
40115,32085,18136
40117,16499,22603
40119,79423,21469
40121,44961,23311
40123,38055,21827
40125,71136,21974
40127,11226,20802
40129,3780,26257
40131,89190,28057
40133,25481,19141
40135,41464,18451
40137,44806,24291
40139,21588,21809
40141,7715,19057
40143,623335,28350
40145,75391,25535
40147,51760,28145
40149,11649,25493
40151,9033,26700
40153,20986,26124
41001,16052,24360
41003,86495,27888
41005,389438,34047
41007,37382,26294
41009,49389,25885
41011,62775,22667
41013,20956,21496
41015,22338,24682
41017,166622,29158
41019,107194,22591
41021,1883,25227
41023,7276,22538
41025,7229,21040
41027,22749,27719
41029,208363,24605
41031,22061,21341
41033,83409,22470
41035,65972,22177
41037,7842,20142
41039,357060,24960
41041,46347,25124
41043,118971,21706
41045,30551,16867
41047,323259,22490
41049,11204,20497
41051,768418,31544
41053,77264,23967
41055,1795,26178
41057,25430,22426
41059,76738,21214
41061,25745,23764
41063,6857,24386
41065,25492,22828
41067,556210,32369
41069,1348,23535
41071,101119,25047
42001,101767,27870
42003,1231145,32848
42005,67979,24391
42007,169785,27233
42009,49086,23195
42011,413965,27146
42013,126448,23865
42015,62228,25577
42017,626583,38795
42019,185689,32301
42021,139381,23410
42023,4869,25240
42025,64634,25398
42027,157823,26492
42029,509797,42556
42031,39454,22136
42033,81343,21362
42035,39614,21937
42037,66912,23580
42039,87343,22726
42041,241427,32398
42043,271094,29461
42045,561683,34064
42047,31370,24647
42049,279858,24856
42051,134851,22014
42053,7581,13645
42055,152285,26025
42057,14694,23435
42059,37938,23232
42061,45906,21714
42063,87895,23450
42065,44756,22282
42067,24829,22170
42069,213459,25608
42071,530216,27158
42073,89162,24450
42075,135776,26526
42077,356756,28688
42079,320095,25224
42081,116656,24194
42083,42884,23554
42085,115320,23683
42087,46675,20769
42089,167881,25022
42091,812970,42275
42093,18508,30272
42095,299616,30176
42097,94006,23291
42099,45677,27019
42101,1555072,22919
42103,56632,28533
42105,17377,22318
42107,146360,23682
42109,40046,23836
42111,76617,22980
42113,6381,25054
42115,42369,25958
42117,42284,23980
42119,44958,22863
42121,53906,23380
42123,40962,24830
42125,208226,30605
42127,51642,24539
42129,361251,29472
42131,28147,26087
42133,439660,28403
44001,49176,39196
44003,164958,34824
44005,82663,40320
44007,630459,27162
44009,126405,36851
45001,24997,18112
45003,163908,25321
45005,9838,12199
45007,191215,22400
45009,15432,18215
45011,22098,19026
45013,171420,32401
45015,193613,24826
45017,14958,24900
45019,372904,32162
45021,55863,19279
45023,32556,18819
45025,46192,17840
45027,34178,18535
45029,38004,19015
45031,67922,19810
45033,31435,14736
45035,145715,25223
45037,26466,21723
45039,23108,20401
45041,138330,22877
45043,60572,25216
45045,474903,27200
45047,69771,21287
45049,20473,20046
45051,290730,24094
45053,26549,17565
45055,62722,22434
45057,81263,22647
45059,66389,20072
45061,18461,15662
45063,273843,27248
45065,9895,22201
45067,32167,17553
45069,27993,15682
45071,37690,21267
45073,74949,24666
45075,90575,17889
45077,120124,21222
45079,397899,26026
45081,20000,20430
45083,291240,22618
45085,107777,20806
45087,28125,19087
45089,33238,16344
45091,240076,27868
46003,2729,25965
46005,18168,24662
46007,3438,16549
46009,7013,22165
46011,33046,25727
46013,38060,28841
46015,5330,22591
46017,2038,11372
46019,10292,23267
46021,1548,30998
46023,9239,20814
46025,3625,25250
46027,14011,21121
46029,27750,26767
46031,4149,13848
46033,8394,29934
46035,19787,25881
46037,5618,25844
46039,4341,30511
46041,5579,16216
46043,2973,29235
46045,4018,27487
46047,6906,24653
46049,2359,26958
46051,7227,26741
46053,4226,24035
46055,2083,23599
46057,5982,26153
46059,3375,29723
46061,3386,23656
46063,1328,25087
46065,17466,29642
46067,7226,27880
46069,1413,26239
46071,3237,19216
46073,2031,34277
46075,781,26103
46077,5107,29747
46079,12086,29610
46081,24645,27083
46083,49874,35559
46085,3837,20912
46087,5613,30086
46089,2263,22263
46091,4701,25161
46093,26381,27123
46095,2086,14123
46097,2306,30204
46099,178942,27387
46101,6439,26918
46102,14153,9150
46103,106085,27298
46105,2981,27174
46107,2307,29158
46109,10318,23010
46111,2339,29952
46115,6570,28165
46117,2962,30597
46119,1469,37078
46121,9942,11616
46123,5504,24560
46125,8302,26958
46127,14842,36730
46129,5495,25553
46135,22636,27044
46137,2833,12877
47001,75430,25590
47003,45986,20390
47005,16261,19285
47007,13686,18061
47009,125188,25916
47011,102062,23336
47013,40176,18117
47015,13787,21897
47017,28353,19086
47019,56941,19166
47021,39422,23922
47023,17324,19440
47025,31748,18817
47027,7780,16881
47029,35321,18691
47031,53448,21680
47033,14600,19178
47035,57455,21770
47037,658506,29589
47039,11686,23715
47041,19038,25573
47043,50472,22369
47045,38054,23044
47047,38814,29431
47049,17931,16539
47051,41138,22889
47053,49572,20704
47055,28949,20765
47057,22736,18974
47059,68576,20398
47061,13524,16356
47063,62999,20246
47065,348121,27518
47067,6642,15169
47069,26253,15671
47071,25900,20740
47073,56595,20338
47075,18248,19027
47077,28013,19269
47079,32269,22207
47081,24283,17957
47083,8290,18234
47085,18240,22329
47087,11496,17788
47089,52490,22383
47091,18017,16916
47093,444348,28337
47095,7687,12810
47097,27427,15769
47099,42226,19214
47101,11944,18236
47103,33550,21655
47105,50229,27466
47107,52506,20215
47109,26103,17751
47111,22761,17882
47113,98184,23467
47115,28306,21784
47117,31159,21962
47119,84089,24155
47121,11716,19212
47123,45293,19351
47125,185980,22916
47127,6351,28841
47129,21794,17646
47131,31129,21829
47133,22100,19244
47135,7864,18340
47137,5097,20526
47139,16687,21404
47141,73810,21835
47143,32394,19927
47145,53162,23287
47147,67426,24340
47149,282558,25663
47151,22043,18709
47153,14592,21818
47155,93617,22483
47157,937750,26285
47159,19136,22854
47161,13286,21475
47163,156752,24544
47165,169623,28883
47167,61674,23572
47169,7884,20937
47171,18069,20187
47173,19096,18654
47175,5596,20351
47177,40015,20534
47179,125317,26176
47181,16897,16333
47183,34415,19694
47185,26252,17451
47187,199456,44671
47189,122445,28994
48001,57915,17876
48003,16775,29423
48005,87748,21688
48007,24292,28472
48009,8779,29380
48011,1943,28669
48013,47050,22493
48015,28886,27658
48017,7126,17007
48019,20796,26663
48021,76948,24812
48023,3628,32907
48025,32659,17209
48027,326041,23535
48029,1825502,24735
48031,10723,29148
48033,705,44591
48035,17971,24658
48037,93155,22685
48039,331741,30634
48041,205271,22648
48043,9235,27265
48045,1670,22323
48047,7221,13179
48049,37833,21916
48051,17293,24894
48053,44144,26578
48055,39347,20667
48057,21666,24372
48059,13532,22387
48061,417947,15105
48063,12516,19738
48065,6068,28400
48067,30328,20991
48069,7948,21068
48071,37251,30572
48073,51167,19420
48075,7059,19861
48077,10479,26339
48079,2993,18968
48081,3238,29355
48083,8536,20085
48085,862215,38883
48087,3058,20269
48089,20757,25578
48091,119632,32838
48093,13623,19743
48095,4086,15820
48097,38761,26742
48099,76128,19760
48101,1510,18926
48103,4730,23808
48105,3699,26675
48107,6007,18692
48109,2296,17340
48111,7014,19997
48113,2485003,27605
48115,13542,19889
48117,19245,18846
48119,5223,20704
48121,731851,34914
48123,20540,28418
48125,2281,20659
48127,10682,21174
48129,3588,20204
48131,11577,20752
48133,18328,22135
48135,149557,26135
48137,1906,27893
48139,157058,26357
48141,831095,18880
48143,40039,21903
48145,17410,16739
48147,33748,20545
48149,24849,28458
48151,3858,26855
48153,6178,22195
48155,1197,22871
48157,658331,35962
48159,10599,26653
48161,19586,24087
48163,18168,17017
48165,18916,22744
48167,308163,31585
48169,6410,18125
48171,25398,30859
48173,1180,35054
48175,7410,29513
48177,20172,21185
48179,22983,21555
48181,122780,25033
48183,123178,24364
48185,26961,20891
48187,143460,26928
48189,35504,17910
48191,3203,17378
48193,8266,24518
48195,5559,22867
48197,3992,20374
48199,55375,26844
48201,4356362,29047
48203,66417,24114
48205,6121,21740
48207,5853,22140
48209,177562,27398
48211,4115,30082
48213,79016,22613
48215,819217,14689
48217,34923,21281
48219,23322,22609
48221,53171,30478
48223,35645,22453
48225,22949,17570
48227,36105,22049
48229,3330,15990
48231,88052,21888
48233,21858,24875
48235,1644,30963
48237,8946,23573
48239,14486,25687
48241,35768,20121
48243,2232,26693
48245,252872,24154
48247,5239,17122
48249,41461,21798
48251,155450,25310
48253,19978,15006
48255,14879,25868
48257,109289,24944
48259,37361,36126
48261,565,14251
48263,821,27962
48265,50149,26265
48267,4486,26749
48269,267,30269
48271,3577,17299
48273,32029,18722
48275,3796,20124
48277,49566,22344
48279,13742,20863
48281,20219,23772
48283,7191,22127
48285,19549,27288
48287,16664,25006
48289,16819,27535
48291,77486,21194
48293,23454,20430
48295,3483,30237
48297,11873,21231
48299,19323,36279
48301,117,25877
48303,290782,24510
48305,5764,23341
48307,8273,22194
48309,241505,22221
48311,778,27608
48313,13838,15894
48315,10248,22755
48317,5252,26130
48319,4066,25585
48321,36598,21693
48323,56548,15249
48325,47392,23830
48327,2182,22016
48329,151290,35537
48331,24344,22130
48333,4875,22804
48335,9169,18764
48337,19478,25846
48339,502586,34215
48341,22281,19495
48343,12700,20900
48345,1071,20322
48347,65531,21113
48349,48118,20697
48351,14231,20428
48353,15061,20444
48355,352060,25176
48357,10642,25995
48359,2071,23452
48361,83217,25489
48363,27921,23013
48365,23900,25693
48367,121418,31923
48369,10004,20381
48371,15807,19772
48373,46113,21010
48375,122352,20283
48377,7304,16507
48379,11037,23443
48381,126782,30480
48383,3598,25238
48385,3356,19549
48387,12567,19482
48389,14179,17893
48391,7277,24902
48393,931,31314
48395,16532,21781
48397,85536,36163
48399,10445,21803
48401,53457,22272
48403,10440,19511
48405,8695,19213
48407,27023,22363
48409,66070,24211
48411,5893,19743
48413,3224,25199
48415,17238,24584
48417,3352,23826
48419,25725,20753
48421,3066,22436
48423,217552,24964
48425,8608,26946
48427,62648,12483
48429,9452,22241
48431,1346,21386
48433,1414,22416
48435,3966,25650
48437,7713,18437
48439,1914526,29058
48441,134435,23896
48443,921,27062
48445,12687,21705
48447,1545,28305
48449,32553,19472
48451,115056,25274
48453,1121645,35168
48455,14405,19766
48457,21462,20242
48459,40096,22692
48461,3405,22751
48463,26952,18135
48465,48980,18632
48467,52736,23257
48469,90099,25987
48471,69330,16135
48473,45847,22849
48475,11225,24234
48477,34236,25057
48479,263251,15096
48481,41264,21581
48483,5618,26184
48485,131957,22861
48487,13158,20752
48489,22002,11413
48491,473592,31876
48493,45509,28887
48495,7576,22656
48497,61243,27208
48499,42712,24561
48501,8213,23125
48503,18329,25524
48505,14308,16619
48507,12060,13813
49001,6461,21405
49003,50991,21748
49005,117449,20223
49007,20927,21287
49009,776,22149
49011,323374,26411
49013,19817,23576
49015,10728,19717
49017,5069,19971
49019,9388,22635
49021,47139,18995
49023,10400,18447
49025,7202,24729
49027,12582,20602
49029,10276,27312
49031,1865,17493
49033,2292,19168
49035,1078958,27314
49037,15152,15654
49039,28261,16965
49041,20871,19261
49043,38521,47733
49045,60893,22643
49047,35721,24720
49049,551957,21335
49051,26661,26397
49053,148244,22459
49055,2722,20121
49057,238682,23545
50001,36943,29561
50003,36589,29296
50005,31012,23919
50007,159711,33977
50009,6207,21338
50011,48418,28394
50013,6952,35214
50015,25027,27390
50017,28929,27755
50019,27146,23213
50021,60530,27219
50023,59132,30598
50025,43858,28473
50027,56150,32474
51001,33115,23231
51003,103108,37474
51005,16066,24118
51007,12777,24868
51009,32148,23469
51011,15208,23941
51013,223945,63579
51015,74053,27000
51017,4583,32166
51019,76463,28524
51021,6662,20169
51023,33155,31160
51025,16930,18245
51027,23486,17883
51029,17068,18204
51031,55012,24192
51033,29349,26761
51035,29856,21145
51036,7118,29018
51037,12313,18719
51041,328176,33220
51043,14299,37558
51045,5212,22456
51047,48424,28104
51049,9859,22860
51051,15463,20275
51053,28110,23395
51057,11151,23448
51059,1128722,51025
51061,67463,41255
51063,15523,23885
51065,26014,28669
51067,56315,25219
51069,81340,30769
51071,16907,25241
51073,37001,29867
51075,21721,46366
51077,15573,19742
51079,18938,28209
51081,11760,14450
51083,35506,19782
51085,101340,34701
51087,318864,33634
51089,52580,20159
51091,2244,26809
51093,35740,31460
51095,70673,39802
51097,7106,25498
51099,24933,34529
51101,16097,28300
51103,11129,31062
51105,25206,17899
51107,351129,47495
51109,33986,28323
51111,12558,18428
51113,13147,25349
51115,8880,32397
51117,31555,20618
51119,10717,30297
51121,96467,25368
51125,14858,27528
51127,19560,33689
51131,12184,22490
51133,12304,31280
51135,15711,18917
51137,34596,29748
51139,23843,22241
51141,18264,19311
51143,62794,21667
51145,28207,32110
51147,23022,17901
51149,37380,24785
51153,437271,37215
51155,34528,25556
51157,7431,36567
51159,8989,19407
51161,93633,31370
51163,22444,26767
51165,77785,26472
51167,28245,20053
51169,22570,21295
51171,42724,25253
51173,31734,21927
51175,18410,23259
51177,127691,32105
51179,137145,37198
51181,6823,24660
51183,11864,15143
51185,43870,22721
51187,38481,29522
51191,54759,25351
51193,17557,25992
51195,40530,20321
51197,29190,23770
51199,66471,35876
51510,149315,54861
51520,17524,20777
51530,6666,15707
51540,45084,30378
51550,230601,29703
51570,17515,27572
51580,5736,20055
51590,42450,20933
51595,5672,20417
51600,23402,45545
51610,13308,65600
51620,8457,21621
51630,27395,29090
51640,6876,21515
51650,137081,25029
51660,51388,18324
51670,22279,20700
51678,7071,14792
51680,78158,21650
51683,40743,29424
51685,15625,28164
51690,13624,21899
51700,181323,25369
51710,245452,24657
51720,4007,19647
51730,32123,19149
51735,12077,38428
51740,96135,23075
51750,17057,15556
51760,213735,28023
51770,98736,23685
51775,25165,27560
51790,24193,25182
51800,86184,29620
51810,448290,32269
51820,21150,22156
51830,14754,24127
51840,27168,26182
53001,19081,17564
53003,22040,25132
53005,184930,28758
53007,74267,25564
53009,72397,27000
53011,444506,28801
53013,3989,24400
53015,102338,24260
53017,39599,23598
53019,7652,20602
53021,86443,20412
53023,2230,22884
53025,92070,20251
53027,71419,22387
53029,79329,31836
53031,30083,28593
53033,2045756,41664
53035,255441,32063
53037,42204,24014
53039,20820,22456
53041,75515,22480
53043,10363,24951
53045,60791,25015
53047,41332,22460
53049,20645,21923
53051,12968,22008
53053,821952,28824
53055,15956,39266
53057,119343,27794
53059,11243,29878
53061,746653,32542
53063,480832,26093
53065,43548,22221
53067,262723,29741
53069,4035,24483
53071,59726,23520
53073,207100,27223
53075,46737,21188
53077,247408,19793
54001,16731,18039
54003,108724,26469
54005,24000,21387
54007,14466,19409
54009,23665,23819
54011,96824,23908
54013,7557,19635
54015,9141,16827
54017,8201,19992
54019,45534,19232
54021,8644,17115
54023,11815,20052
54025,35666,22340
54027,23542,18477
54029,30201,23845
54031,13936,22195
54033,68998,24415
54035,29256,23090
54037,55214,30912
54039,190781,27642
54041,16434,21067
54043,21560,19114
54045,35760,20477
54047,20802,14874
54049,56790,23807
54051,32480,23543
54053,27177,19694
54055,61891,20942
54057,27755,19111
54059,25931,20417
54061,101668,26314
54063,13525,20678
54065,17475,23456
54067,25930,23404
54069,43637,27053
54071,7402,21979
54073,7636,23291
54075,8697,21847
54077,33809,21097
54079,56596,29412
54081,78493,22405
54083,29365,21139
54085,10140,19632
54087,14636,18957
54089,13544,20347
54091,16977,22799
54093,6972,22321
54095,9033,21018
54097,24560,20230
54099,41499,19867
54101,8927,17864
54103,16157,21619
54105,5841,22125
54107,86559,24364
54109,22866,19009
55001,20451,22783
55003,15993,22196
55005,45686,23852
55007,15050,26485
55009,254717,27876
55011,13319,26170
55013,15334,23963
55015,49678,29479
55017,63209,25651
55019,34518,21699
55021,56607,28967
55023,16483,23020
55025,510198,34562
55027,88547,25372
55029,27731,30920
55031,43799,25191
55033,44159,24098
55035,101281,26034
55037,4476,25142
55039,101920,27474
55041,9150,21623
55043,51489,22937
55045,37044,28187
55047,18966,25466
55049,23769,27664
55051,5907,25435
55053,20543,23299
55055,84345,26935
55057,26494,22363
55059,167738,26514
55061,20483,26655
55063,117048,27550
55065,16835,25258
55067,19551,23857
55069,28286,25856
55071,80521,26096
55073,135177,28457
55075,41287,24450
55077,15140,24054
55078,4451,14482
55079,955939,24984
55081,45274,23709
55083,37476,26914
55085,35653,26432
55087,180430,28679
55089,87273,43543
55091,7372,24951
55093,40799,29068
55095,43572,26450
55097,70432,26071
55099,13800,25055
55101,194895,27895
55103,17746,23765
55105,160727,25219
55107,14357,21975
55109,86118,32955
55111,62992,26335
55113,16483,25284
55115,41563,24638
55117,115226,27034
55119,20569,24300
55121,29412,25502
55123,30279,23985
55125,21355,26304
55127,103039,27410
55129,15700,25575
55131,132921,33744
55133,393873,38684
55135,52125,27257
55137,24321,23977
55139,169004,27770
55141,74012,26516
56001,37565,24946
56003,11895,23812
56005,48013,33925
56007,15739,26706
56009,14101,30249
56011,7229,32083
56013,40755,25293
56015,13544,25105
56017,4809,27259
56019,8600,30144
56021,95431,30047
56023,18316,29915
56025,80011,30783
56027,2516,25272
56029,28985,29411
56031,8750,25899
56033,29738,29892
56035,10117,33193
56037,44772,30568
56039,22311,44231
56041,20930,25772
56043,8400,27394
56045,7152,30245
72001,18962,7270
72003,40603,8465
72005,57973,10297
72007,27693,8441
72009,24829,8867
72011,28579,8536
72013,92511,9461
72015,19018,7562
72017,24775,7849
72019,29805,7361
72021,197287,13068
72023,50380,9500
72025,138262,13486
72027,33949,9234
72029,47432,10621
72031,168114,15185
72033,26680,10820
72035,46647,12453
72037,12810,10269
72039,17928,6774
72041,42298,11678
72043,40293,9634
72045,20339,7076
72047,35975,7459
72049,1557,9333
72051,38166,14412
72053,34720,10609
72054,12408,7263
72055,18207,7245
72057,43700,8831
72059,20442,7811
72061,93899,23166
72063,46765,15111
72065,41578,9876
72067,16845,11096
72069,56384,10678
72071,44438,8371
72073,15890,7242
72075,49259,9328
72077,40104,9446
72079,24722,6974
72081,28727,7598
72083,9306,6792
72085,38605,9833
72087,28454,8665
72089,19497,10284
72091,42167,10190
72093,6315,5878
72095,11701,8374
72097,83418,9930
72099,38815,7685
72101,32294,7465
72103,26804,9749
72105,29751,9347
72107,22595,6792
72109,18441,7643
72111,22770,7299
72113,156054,10562
72115,25205,8649
72117,14841,9412
72119,53029,10363
72121,24307,7943
72123,30114,8286
72125,34125,9399
72127,371400,16691
72129,39778,10021
72131,40471,7519
72133,22913,9199
72135,74603,13689
72137,85242,11673
72139,71886,15409
72141,31474,7717
72143,39319,9918
72145,56858,9102
72147,9130,8821
72149,24685,8420
72151,36279,7960
72153,39474,7743
